,sequence
ASV_1,CACCGCGGTTATACGAGAGACCCTAGTTGATTGAAGCGGCGTAAAGAGTGGTTATGGAGTTTTCCCCTTTAAAGCAGAAAACCTCTCAAACTGTTATACGCACCCAGAGGTTGAAATCCCTCACACGAAAGTGACTTTATATTCGCCTACCAGAACCCACGAAAGCTGGGACA
ASV_2,CACCGCGGTCAAACGAGCTAGTGCCCGAGCAGATAACTAACGGCGTAAAGAGTGGTTAGGGAAACCCAAAACTAAAGCTGAACGCCCGCAGGGCTGTGATACGCATCCGACGGTACGAAACCCCACCACGAAAGTGACTTTAACCAACCCGAACCCACGATAGCCAGGATA
ASV_4,CACCGCGGTTATACGAGCGGCCCAAGTTGATAAAAATCGGCGTAAAGCGTGGTTAAAAAAATGTTTAAACTAGAGCCGAATAGCCTCAAAGCAGTTATACGCACTCGAGGCCACGAAGTACAATTACAAAAGTAGCTCTACCCCACTTTGACTCCACGAAAACCATAAAA
ASV_5,CACCGCGGTCATACGAGTGTTAGCCCAAGCAGATGGTCAACGGCGTAAAGAGTGGTTAGGGAACCCTGAAACTAAAGCTGAACGCCCGCAGGGCCGTTATACGCATCCGACAGCATGAAACCCCACCACGAAAGTGGCTTTAACCTGACCCGAACCCACGACAGCTAAGACA
ASV_6,CACCGCGGTTATACGAGAGGCCCAAGTTGACAACCACCGGCGTAAAGAGTGGTTATGGAAACACTATACTAAAGCCGAACACCCTCTAGGCTGTCATACGCACCTGAGGCTACGAAGCTCCCCCACGAAAGTGGCTTTATTCCTCCCTGAACCCACGACAGCTATGATA
ASV_10,CACCGCGGTTATACGAGGGACCCTAGTTGATTTAATCGGCGTAAAGAGTGGTTATGGAGAATAAGAAACTAAAGCCGAAGACCTCTTAGGCCGTCATACGTACCTAGAGGCTCGAATAACAAACACGAAAGTAGCTTTACCCCTTCCTGCCAGAACCCACGAGAGCTGGGATA
ASV_13,CACCGCGGTTATACGAGAGGCCCAAGTTGATGACCACCGGCGTAAAGAGTGGTTACGGAAGCACTTCACTAAAGCCGAACAACCTCTTGGCTGTCATACGCACCTGAGGCTACGAAGATCCCCCACGAAAGTGGCTTTACCCCTCCCTGAACCCACGACAGCTATGATA
ASV_16,CACCGCGGTTATACGAGAGGCCCTAGTTGATTTAATCGGCGTAAAGAGTGGTTATGGAGAATAAGAAACTAAAGCCGAAGACCTCTTAGGCCGTCATACGTACCTAGAGGCTCGAATAACAAACACGAAAGTAGCTTTACCCCTTCCTGCCAGAACCCACGAGAGCTGGGATA
ASV_17,CACCGCGGTTATACGAGAGGCTCAAGTTGATAGACAGCGGCGTAAAGAGTGGTTAGGAAAAACACAAACTAAAGTCGAACGCTTCCATAGCTGTTATACGCACCCGAAAATATGAAGCCCAACTACGAAAGTAACTTTAAAATACCTGAATCCACGAAAGCTAGGGAA
ASV_22,CACCGCGGTTATACGAGAGGCCTAAGTTGACAGACAGCGGCGTAAAGAGTGGTTAAGGAAAACACAAAACTAAAGCCGAACGCCTTCAGAACTGTCATACGTCTTCGAAGGTATGAAGCCCAACCACGAAAGTGGCTTTATCTCTCCTGAACCCACGAAAGCTAAGAAA
ASV_23,CACCGCGGTTATACGAGGGACCCTAGTTGATTTAATCGGCGTAAAGAGTGGTTATGGAGAATAAGAAACTAAAGCCGAAGACCTCTTAGGCCGTCATACGTACCTAGAGGCTCGAATAACAAACACGAAAGTAGCTTTACCCCTTCCTGCCAGAACCCACGAAAGCTGGGATA
ASV_24,CACCGCGGTCATACGAGTGTTAGCCCAAGCAGATGGTCAACGGCGTAAAGAGTGGTTAGGGAACCCTGAAACTAAAGCTGAACGCCTGCAGGGCCGTTATACGCATCCGACAGCATGAAACCCCACCACGAAAGTGGCTTTAACCTGACCCGAACCCACGACAGCTAAGACA
ASV_25,CACCGCGGCTATACGAGAGACCCAAGTTGATACCATTCGGCGTAAAGAGTGGTTATGGAAAATAAAGACTAAAGCCGCACACCTTCAAAGCTGTTATACGCATCCGAAGGCTAGAAGATCAACCACGAAGGTAGCTTTACAACCCCTGACCCCACGAAAGCTCCGGCA
ASV_27,CACCGCGGTTATACGAGAGGCTCAAGTTGACAGACAACGGCGTAAAGAGTGGTTAAGGAAAACATTTAACTAAAGCGGAACCCCCTCATTGCTGTTATACGCTTCCGAGGGAATGAACCCCAACTACGAAGGTGGCTTTATATTAACCTGAACCCACGAAAGCTAAGGAA
ASV_29,CACCGCGGTTATACGAGAGGCCCAAGTTGATAGCCAGCGGCGTAAAGAGTGGTTAAGGGACATCCCCACTAAAGTCGAACGCATTCAGAGCTGTTATACGTTCCCGAAAGCAAGAAGCCCCACTACGAAAGTGACTTTATATTACCTGACTCCACGAAAGCTGTGAAA
ASV_31,CACCGCGGCTATACGAGAGACCCAAGTTGATACCATTCGGCGTAAAGAGTGGTTATGGAAAATAAAGACTAAAGCCGCACACCTTCAAAGCTGTTATACGCATCCGAAGGTTAGAAGACCAACCACGAAGGTAGCTTTACAACCCCTGACCCCACGAAAGCTCTGGCA
ASV_32,CACCGCGGTTAGACGAGAGGCCTAAGTTGATAGCCACCGGCGTAAAGAGTGGTTAGGGATAAAATGAAAACTAAAGCCGAATATCCCCACAGCTGTTATACGCACCCGAAGATAAGAAGCCCCTACGAAAGTAGCTTTAATCCACCCGACTCCACGAAAGCTGTGAAA
ASV_33,CACCGCGGTTATACGAGAGGCCCAAGTTGTTAGTCCTCGGCGTAAAGAGTGGTTAGGAACAGCCCAAATACTAAAGCCAAACACCTTCAAAGCTGTTATACGCTCTCGAAGACAAGAAGTTCAACAACGAAAGTGGCTTTAAATTTTCCGAACCCACGAAAGCTATGGTA
ASV_34,CACCGCGGTTATACGAGAGACCCTAGTTGATTGAAGCGGCGTAAAGAGTGGTTATGGAGTTTTTCCCTTTAAAGCAGAAAACCTCTCAAACTGTTATACGCACCCAGAGGTTGAAATCCCTCACACGAAAGTGACTTTATATTCGCCTACCAGAACCCACGAAAGCTGGGACA
ASV_38,CACCGCGGTTATACGAGAGACCCTAGTTGATATACTCGGCGTAAAGAGTGGTTATGGAAAACAAGCACTAAAGCCAAAGAGCCCTCAGGCCGTTATACGCACCCGGGGCCTCGAACCACTATCACGAAAGTAGCTTTACCCTCGCCCACCAGAACCCACGAGAGCTGGGACA
ASV_39,CACCGCGGCTATACGAGAGACCCAAGTTGATACCATTCGGCGTAAAGAGTGGTTATGGAAAATAAAGACTAAAGCCGCACACCTTCAAAGCTGTTATACGCATCCGAAGGCTAGAAGATCAACCACGAAGGTAGCTTTACAACCCCTGACCCCACGAAAGCTCTGGCA
ASV_43,CACCGCGGCTATACGAGAGACCCAAGTTGATACCATTCGGCGTAAAGAGTGGTTATGGAAAACAAAGACTAAAGCCGCACACCTTCAAAGCTGTTATACGCACCCGAAGGCTAGAAGATCAACCACGAAGGTAGCTTTACAACCCCTGACCCCACGAAAGCTCTGGCA
ASV_44,CACCGCGGTTATACGAGAGGCCCAAGTTGATAGTCAACGGCGTAAAGAGTGGTTAGAAAGAACCTATTACTAAAGCCGAACGCCTTCAGAGCTGTTATACGCATCCGAAGGTGAGAAGCCCATCCACGAAAGTGGCTTTACAACTTTGAACCCACGAAAGCTACGGAA
ASV_45,CACCGCGGTCATACGAGTGTGCCCGAGTAGACAGCCGGCGGCGTAAAGCGTGGTTAAGGAGAAACCCAACTAAAGATGAACCGCCCCCTGGCTGTTATACGCACCCGAGACTGTGAAACCCCACTACGAAAGTGACTTTAATCTGACCCGAACCCACGAAAGCTAAGGAA
ASV_50,CACCGCGGTTATACGATAGGCCCAAGTTGACAGACCCCGGCGTAAAGCGTGGTTAGGGAAAACTCAAAACTAAAGCCGAATATCTTCAGGGCAGTTATACGCTTCCGAAGACACGAAGCCCTTCCACGAAAGTGACTTTATTACCCCCGACCCCACGAAAGCTAGGACA
ASV_56,CACCGCGGTTATACGAGAGGCCCAAGTTGATAGACGCCGGCGTAAAGTGTGGTTAAGGAAAAATTTAAACTAAAGCCGAACGCCTTCAAGGCAGTCTGAATGCATTCGAAGGTACGAAGCCCCACCACGAAAGTGGCTTTATAAACCCTGATTCCACGAAAGCTAAGGAA
ASV_57,CACCGCGGTTATACGAGAGGCCCAAGTTGACAGACACCGGCGTAAAGCGTGGTTAAGGTATACCAAAACTAAAGCCGAACACCTTCAGGGCAGTTATACGCATCCGAAGGCACGAAGCCCCACCACGAAAGTGGCTTTATGAACCCTGACCCCACGAAAGCTATGACA
ASV_58,CACCGCGGTTATACGAGAGGCCCAAGTAGATAGACACCGGCGTAAAGAGTGGTTAAGTTAAAACTCACACTAAAGCCAAACATCTTCAAGACTGTTATACGTAACCGAAGACCGGAAGTTCAACCACGAAAGTGGCTTTATTTGATCTGAACCCACGAAAGCTACGGCA
ASV_66,CACCGCGGTTATACGAGAGACCCTAGTTGATTGAAGCGGCGTAAAGAGTGGTTATGGAGTTTTCCCCTTTAAAGCAGAAAACCTCTCAAACTGTTATACGCACCCAGAGGTTAAAATCCCTCACACGAAAGTGACTTTATATTCGCCTACCAGAACCCACGAAAGCTGGGACA
ASV_68,CACCGCGGTTATACGAGAGGCCCTAGTTGATAACTACCGGCGTAAAGAGTGGTTACGGAAAAATATTTAATAAAGCCGAACACCCCCTCAGCCGTCATACGCACCTGGGGGCACGAAGATCTACTACGAAAGCAGCTTTAATTATACCTGAACCCACGACAGCTACGACA
ASV_71,CACCGCGGCTATACGAGAGACCCAAGTTGATACCATTCGGCGTAAAGAGTGGTTATGGAAAATAAAGACTAAAGCCGCACACCTTCAAAGCTGTTATACGCATCCGAAGGCTAGAAGACCAACCACGAAGGTAGCTTTACAACCCCTGACCCCACGAAAGCTCTGGCA
ASV_74,CACCGCGGTTATACGAGAGACCCTAGTTGATTGAAGCGGCGTAAAGAGTGGTTATGGAGTTTTCCCCTTTAAAGCAGAAAACCTCTCAAACTGTTATACGCACCCAGAGGTTGAAACCCCTCACACGAAAGTGACTTTATATTCGCCTACCAGAACCCACGAAAGCTGGGACA
ASV_75,CACCGCGGCTATACGAGAGACCCAAGTTGATACCATTCGGCGTAAAGAGTGGTTATGGAAGATAAAGACTAAAGCCGCACACCTTCAAAGCTGTTATACGCATCCGAAGGCTAGAAGATCAACCACGAAAGTAGCTTTACAACCCCTGACCCCACGAAAGCTCTGGCA
ASV_78,CACCGCGGTTATACGAGAGGCCCAAGTTGACAGACACCGGCGTAAAGCGTGGTTAAGGTAAATTAAAACTAAAGCCGAACACCTTCAGGGCAGTTATACGCATCCGAAGGCACGAAGCCCCACCACGAAAGTGGCTTTATGATCCCTGACCCCACGAAAGCTATGACA
ASV_79,CACCGCGGTTATACGAGAGGCCCGAGTTGATAGACATTCGGCGTAAAGAGTGGTTAAGGAAAACTGAAACTAAAGCCGAACACCTTAATAGCAGTTATACGCCTATTAAAGCACGAAGCCCCACCACGAAAGTGGCTTTACAACCCTGACCCCACGAAAGCTATGATA
ASV_85,CACCGCGGTTATACGAGAGGCCCAAGTTGACAAACAACGGCGTAAAGAGTGGTTAGGGGATTTAATAAACTAGAGCCGAACGCTTTCAAAGCTGTTATACGCACCCGAAAGTATGAAACCCAATTACGAAAGTAGCTCTACCTATCCTGAACCCACGAAAGCTAAGGAA
ASV_87,CACCGCGGCTATACGAGAGGCCCAAGTTGATACCATTCGGCGTAAAGAGTGGTTATGGAAAATAAAGACTAAAGCCGCACACCTTCAAAGCTGTTATACGCATCCGAAGGTTAGAAGACCAACCACGAAGGTAGCTTTACAACCCCTGACCCCACGAAAGCTCTGGCA
ASV_89,CACCGCGGCTATACGAGAGACCCAAGTTGATACCATTCGGCGTAAAGAGTGGTTATGGAAAATAAAGACTAAAGCCGCACACCTTCAAAGCTGTTATACGCATCCGAAGGTTAGAAGATCAACCACGAAGGTAGCTTTACAACCCCTGACCCCACGAAAGCTCTGGCA
ASV_94,CACCGCGGTTATACGAGAGACCCAAGTCGATGGCCTTCGGCGTAAAGAGTGGTTAAGACGAGCCCTAAAACTAAAGCCAAATGACTTCAGAGCTGTTATACGCGCACGAAAGTACGAAGCCCAACTACGAAAGTGGCTTTAAACCCCTGACCCCACGAAAGCTATGGCA
ASV_100,CACCGCGGTTATACGAGAGGCCCAAGTTGACAAACAACGGCGTAAAGAGTGGTTAGGGGATTTACTAAACTAGAGCCGAACGCTTTCAAAGCTGTTATACGCATCCGAAAGTATGAAACCCAATTACGAAAGTAGCTCTACACATCCTGAACCCACGAAAGCTAAGAAA
ASV_102,CACCGCGGTCATACGAGTGTTAGCCCAAGCAGATGGTCAACGGCGTAAAGAGTGGTTAGGGAACCCTAAAACTAAAGCTGAACGCCCGCAGGGCCGTTATACGCATCCGACAGCATGAAACCCCACCACGAAAGTGGCTTTAACCTGACCCGAACCCACGACAGCTAAGACA
ASV_109,CACCGCGGTTATACGAGAGACCCTAGTTGATTGAAGCGGCGTAAAGAGTGGTTATGGAGTTTCCCCCTTTAAAGCAGAAAACCTCTCAAACTGTTATACGCACCCAGAGGTTGAAATCCCTCACACGAAAGTGACTTTATATTCGCCTACCAGAACCCACGAAAGCTGGGACA
ASV_111,CACCGCGGTTATACGAGAGGCCCAAGTTGATAGACACCGGCGTAAAGAGTGGTTAAGTTAAAACATCACACTAAAGCCAAACACCTTCAAGACTGTTATACGCAACCGAAGACAGGAAGTTCAACCACGAAAGTGGCTTTATTTGAGCTGAACCCACGAAAGCTACGAAA
ASV_115,CACCGCGGTCATACGAGTGTGCCCGAGTAGACAGCCGGCGGCGTAAAGCGTGGTTAAGGAGGAACCCAACTAAAGATGAACCGCCCCCTGGCTGTTATACGCACCCGAGACTGTGAAACCCCACTACGAAAGTGACTTTAATCTGACCCGAACCCACGAAAGCTAAGGAA
ASV_124,CACCGCGGTTATACGAGAGGCCCTAGTTGATAACTACCGGCGTAAAGAGTGGTTATGGAAAGATATTTAATAAAGCCGAACACCCCCTCAGCCGTCATACGCACCTGGGAGCACGAAGACCTACCGCGAAAGCAGCTTTAATTACGCCTGACCCCACGACAGCTAAGAAA
ASV_126,CACCGCGGTTATACGAGAGACCCTAGTTGATTGAAGCGGCGTAAAGAGTGGTTATGGAGTTTTCCCCTTTAAAGCAGAAAACCTCTCAAACTGTTATACGCACCCAGAGGTTGAAATCCCTCACACGAAAGTGACTTTATATCCGCCTACCAGAACCCACGAAAGCTGGGACA
ASV_127,CACCGCGGTTATACGAGAGGCCCTAGTTGATAACTACCGGCGTAAAGAGTGGTTATGGAAAAATATTTAATAAAGCCGAACACCCCCTCAGCCGTCATACGCACCTGGGGGCACGAAGACCTACTGCGAAAGCAGCTTTAATTACACCTGACCCCACGACAGCTAAGAAA
ASV_156,CACCGCGGTTATACGAGAGACCCTAGTTGATTGAAGCGGCGTAAAGAGTGGTTATGGAGTTTTCCCCTTTAAAGCAGAAAACCTCTCAAACTGTTATACGCACCCAGAGGTTGAAATCCCTCACACGAAAGTGGCTTTATATTCGCCTACCAGAACCCACGAAAGCTGGGACA
ASV_158,CACCGCGGTTATACGAGAGACCCTAGTTGATTGAAGCGGCGTAAAGAGTGGTTATGGAGTTTTCCCCTTTAAAGCAGAAAACCTCTTAAACTGTTATACGCACCCAGAGGTTGAAATCCCTCACACGAAAGTGACTTTATATTCGCCTACCAGAACCCACGAAAGCTGGGACA
ASV_160,CACCGCGGTTATACGAGAGACCCTAGTTGATTGAAGCGGCGTAAAGAGTGGTTATGGAGTTTTCCTCTTTAAAGCAGAAAACCTCTCAAACTGTTATACGCACCCAGAGGTTGAAATCCCTCACACGAAAGTGACTTTATATTCGCCTACCAGAACCCACGAAAGCTGGGACA
ASV_164,CACCGCGGTTATACGAGAGACCCTAGTTGATTGAAGCGGCGTAAAGAGTGGTTATGGAGTTTTCCCCTTTAAAGCAGAAAACCTCTCAAACTGTTATACGCACCCAGAGGTTGAAATCCCTCACACGAAAGTGACTTTATATTTGCCTACCAGAACCCACGAAAGCTGGGACA
ASV_178,CACCGCGGTTATACGAGAGACCCTAGTTGATAGAAGCGGCGTAAAGAGTGGTTATGAGATAACCCCCTTCCCCTAAAGTAGAAAGCCTCTTAAACTGTTATACGCACCCAGAGGTCTGAATCTCTCACACGAAAGTGACTTTATTAATGTCTACCAGAACCCACGAAAGCTGGGGCA
ASV_188,CACCGCGGTTATACGAGAGACCCTAGTTGATTGAAGCGGCGTAAAGAGTGGTTATGGAGTTTTCCCCTTTAAAGCAGAAAACCTCTCAAGCTGTTATACGCACCCAGAGGTTGAAATCCCTCACACGAAAGTGACTTTATATTCGCCTACCAGAACCCACGAAAGCTGGGACA
ASV_204,CACCGCGGTCATACGATTGACCCGAATTAATAGACACCCGGCGTAAAGAGTGTCAAGGAACAATATAAAAATAAAGTCAAACCTTAATTAAGCTGTAAAAAGCCATAATTAAAATTAAGTTAAACTACGAAAGTAACTTTACCATAAACTGAGTACACGACAACTAAGACC
ASV_207,CACCGCGGTCATACGAGTGTGCCCGAGTAGACAGCCGGCGGCGTAAAGCGTGGTTAAGGAGAGACCCAACTAAAGATGAACCGCCCCCTGGCTGTTATACGCACCCGAGACTGTGAAACCCCACTACGAAAGTGACTTTAATCTGACCCGAACCCACGAAAGCTAAGGAA
ASV_209,CACCGCGGTTATACGAGAGGCCCAAGTTGTTAGTCCTCGGCGTAAAGAGTGGTTAGGAGCAACCCAAGTACTAAAGCCAAACACCTTCAAAGCTGTTATACGCTCTCGAAGGCAAGAAGTTCAACAACGAAAGTGGCTTTAAACTTTCCGAACCCACGAAAGCTATGGTA
ASV_233,CACCGCGGTTATACGAGGGGCCCTAGTTGATTTAATCGGCGTAAAGAGTGGTTATGGAGAATAAGAAACTAAAGCCGAAGACCTCTTAGGCCGTCATACGTACCTAGAGGCTCGAATAACAAACACGAAAGTAGCTTTACCCCTTCCTGCCAGAACCCACGAGAGCTGGGATA
ASV_237,CACCGCGGTTATACGAGAGGCCCTAGTTGATTGAAGCGGCGTAAAGAGTGGTTATGGAGTTTTCCCCTTTAAAGCAGAAAACCTCTCAAACTGTTATACGCACCCAGAGGTTGAAATCCCTCACACGAAAGTGACTTTATATTCGCCTACCAGAACCCACGAAAGCTGGGACA
ASV_262,CACCGCGGTCATACGATTGACCCAAATTAATAGGAACACGGCGTAAAGAGTGTTAAGGAGTCACATAAAATAAAGTCAAACCTTAATTAAGCTGTAAAAAGCCCTAATTAAAATTAAGCCAAACTACGAAAGTGACTTTAACATAACCTGATCACACGACAGCTAAGACC
ASV_275,CACCGCGGTTATACGAGAGGCCCAAGTTGACAGACACCGGCGTAAAGCGTGGTTAAGTTAAAACTCACACTAAAGCCAAACACCTTCAAAGCTGTTATACGCAACCGAAGGCAGGAAGCCCAACCACGAAGGTGGCTTTATTTGGTCTGAACCCACGAAAGCTAGGGAA
ASV_287,CACCGCGGCCATACGAGTGTTAGCCCCAGCGGATGGTCAGCGGCGTAAAGAGTGGTTAGGGACCCCCACAACTAAAGCTAAATGTCCTCAGGGCTGTTATACGCATCCGACGACATGAAACCCCACCACGAAGGTGGCTTTAACCTAACCCGAACCCACGACAACTAGGACA
ASV_302,CACCGCGGTTATACGAGCGACCCAAGTTGAGAGACAACGGCGTAAAGAGTGGTTAAGATACTAGCAAACTAAAGCCGAACGCCCTCAAGACTGTTATACGTTTTTGAAGGTAAGAAGTTCTACCACGAAAGTGGCTTTAATTAACCCTGACCCCACGAAAGCTGTGAAA
ASV_304,CACCGCGGCTATACGAGAGACCCAAGTTGATACCATTCGGCGTAAAGAGTGGTTATGGAAAATAAAGACTAAAGCCGCACACCTTCAAAGCTGTTATACGCATCCGAAGGCTAGAAGACCAACCACGAAGGTAGCTTTACAACCCCTGACCCCACGAAAGCTCCGGCA
ASV_315,CACCGCGGTCATACGATCGACCCAAATTAATAGAAGCACGGCGTAAAGAGTGTTAAGGAGTCACATGGAATAAAGTCAAACCTTAATTAAGCTGTAAAAAGCCCTAATTAAAATTAAGCCAAACTACGAAAGTGACTTTAATATAATCTGATCACACGACAGCTAAGATC
ASV_316,CACCGCGGTTATACGAGAGGCCCAAGTTGACAACCACCGGCGTAAAGAGTGGTTATGGAAACACTATACTAAAGCCGAACACCCTCTAGGCTGTCATACGCACCTGAGGCTACGAAGCTCCCCCACGAAAGTGGCTTTACTCCTCCCTGAACCCACGACAGCTATGATA
ASV_321,CACCGCGGTTATACGAGAGACCCTAGTTGATTGAAGCGGCGTAAAGAGTGGTTATGGAGTTTTCCCCTTTAAAGCAGAAAACCTCTCAAACTGTTATACGCACCCAGAGGTTGAAATCCCTCACACGAAAGTGACTTTATATTCGCCTACCAGAACCCACGAAAGCTAGGACA
ASV_335,CACCGCGGTTATACGAGAGACCCTAGTTGATTGAGGCGGCGTAAAGAGTGGTTATGGAGTTTTCCCCTTTAAAGCAGAAAACCTCTCAAACTGTTATACGCACCCAGAGGTTGAAATCCCTCACACGAAAGTGACTTTATATTCGCCTACCAGAACCCACGAAAGCTGGGACA
ASV_347,CACCGCGGTCATACGATTGACCCAAATTAATAGGAACACGGCGTAAAGAGTGTTAAGGAGCCACATAAAATAAAGTCAAACCTTAATTAAGCTGTAAAAAGCCCTAATTAAAATTAAGCCAAACTACGAAAGTGACTTTAACATAACCTGATCACACGACAGCTAAGACC
ASV_357,CACCGCGGTTATACGAGAGACCCTAGTTGATAACTACCGGCGTAAAGAGTGGTTATGGAAAAATATTTAATAAAGCCGAACACCCCCTCAGCCGTCATACGCACCTGGGGGCACGAAGACCTACTGCGAAAGCAGCTTTAATTACACCTGACCCCACGACAGCTAAGAAA
ASV_360,CACCGCGGTTATACGAGAGGCCCAAGTTGATAGTCTACGGCGTAAAGCGTGGTTAGAAAGATTCTACAACTAAAGCCGAACGCCTTCAAGGCTGTTATACGCTTCCGAAGGTGAGAAGCCCACCCACGAAAGTGGCTTTACAATTTTGAACCCACGAAAGCTGGGATA
ASV_365,CACCGCGGTTATACGAGAGGCCCTAGTTGATTCACTCGGCGTAAAGAGTGGTTATGGAGAATAAAATACTAAAGCCGAAGGCCCCTTAGGCCGTCATACGCACCTAGAGGCTCGAATTATAGACACGAAAGTAGCTTTACCCCTTCCCACCAGAACCCACGACAGCTGGGACA
ASV_381,CACCGCGGTTATACGAGCGACCCAAGTTGAGAGACAACGGCGTAAAGAGTGGTTAAGATACTAATAAACTAAAGCCGAACGCCCTCAAGACTGTTATACGTTTTTGAAGGTAAGAAGTTCTACCACGAAAGTGGCTTTACTAACCCTGACCCCACGAAAGCTGAGAAA
ASV_413,CACCGCGGTCATACGAGTGTTAGCCCAAGCAGATGGTCAACGGCGTAAAGAGTGGTTAGGGAACCCTGAAACTAAAGCTGAACGCCCGCAGGGCCGTTATACGCATCCGACAGCATGAAACCCCACCACGAAAGTGGCTTTAACCTAACCCGAACCCACGACAGCTAAGACA
ASV_418,CACCGCGGTTATACGAGAGGCCCAAGTTGACAACCACCGGCGTAAAGAGTGGTTATGGAAACACTATACTAAAGCCGAACACCCTCTAGGCTGTCATACGCACCTGAGGCTACGAAGCTCCCCCACGAAAGTGGCTTTATTCCTCCCTGAGTCCACGACAGCTATGATA
ASV_458,CACCGCGGTTATACGAGGGACCCTAGTTGATTTAATCGGCGTAAAGAGTGGTTATGGAGAATAAGAAACTAAAGCCGAAGACCTCTTAGGCCGTCATACGTACCTAGAGGCTCGAATAACAAACACGAAAGTAGCTTTACCCCTTACTGCCAGAACCCACGAGAGCTGGGATA
ASV_462,CACCGCGGTTATACGAGGGACCCTAGTTGATTGAAGCGGCGTAAAGAGTGGTTATGGAGTTTTCCCCTTTAAAGCAGAAAACCTCTCAAACTGTTATACGCACCCAGAGGTTGAAATCCCTCACACGAAAGTGACTTTATATTCGCCTACCAGAACCCACGAAAGCTGGGACA
ASV_501,CACCGCGGTTATACGAGAGGCCCAAGTTGACAACCACCGGCGTAAAGAGTGGTTATGGAAACACTATACTAAAGCCGAACACCCTCTAGGCTGTCATACGCACCTGAGGCTACGAAGCTCCCCCACGAAAGTGGCTTTATTCCTCCCTGAACCCACAACAGCTATGATA
ASV_513,CACCGCGGTCATACGATTAACCCAAACTAACGGGCTCACGGCGTAAAGCGTGTAAAAGATCTACCTACACTAAAGTTAAAATTTAACCAAGCCGTAAAAAGCTGCCGTTAATACAAAATATACTACGAAAGTGACTTTAATAATTCTGATTACACGATAGCTAAGACC
ASV_529,CACCGCGGTTATACGAGAGACCCTAGTTGATTGAAGCGGCGTAAAGAGTGGTTATGGGATTTTTCCCTTTAAAGCAGAAAACCTCTCAAACTGTTATACGCACCCAGAGGTTGAAACCCCTTACACGAAAGTAACTTTATCTTAGCCTACCAGAACCCACGAAAGCCGGGACA
ASV_537,CACCGCGGTCATACGATTAACCCAAATTAATAGAAACACGGCGTAAAGAGTGTTAAGGAGTCTCATAGAATAAAGTCAAACCTTAATTAAGCTGTAAAAAGCCATAATTAAAATTAAGCCAAACTACGAAAGTGACTTTAATATGATCTGATCACACGACAGCTAAGATC
ASV_548,CACCGCGGTCATACGATTGACCCAAACTAATAGACACCCGGCGTAAAGAGTGTCAAAGAACAATATAAAAATAAAGTCAAACCTTAATTAAGCTGTAAAAAGCCATAATTAAAATTAAGTTAAACTACGAAAGTAACTTTACCATAAACTGAGTACACGACAACTAAGACC
ASV_559,CACCGCGGTTATACGAGAGGCCCAAGTTGACAGACAGCGGCGTAAAGGGTGGTTAGGGGGATTAACCAAACTAAAGCCGAACGCTCTCAAAGCTGTTATATGCACTCGAGAGTATGAAACCCAATTACGAAAGTAGCTTTATTTACCCTGAACCCACGAAAGCTAAGAAA
ASV_576,CACCGCGGTTATACGAGAGGCCCAAGTTGACAACCACCGGCGTAAAGAGTGGTTACGGAAACACTATACTAAAGCCGAACACCCTCTAGGCTGTCATACGCACCTGAGGCTACGAAGCTCCCCCACGAAAGTGGCTTTATTCCTCCCTGAACCCACGACAGCTATGATA
ASV_588,CACCGCGGTTATACGAGGGGCCCAAGTTGACAACCACCGGCGTAAAGAGTGGTTATGGAAACACTATACTAAAGCCGAACACCCTCTAGGCTGTCATACGCACCTGAGGCTACGAAGCTCCCCCACGAAAGTGGCTTTATTCCTCCCTGAACCCACGACAGCTATGATA
ASV_609,CACCGCGGTTATACGAGAGACCCTAGTTGATATACTCGGCGTAAAGAGTGGTTATGGAAAACAAGCACTAAAGCCAAAGAGCCCTCAGGCCGTTATACGCACCCGGGGCCTCGAACCACTATCACGAAAGTAGCTTTACCCTCGCCCACCAGAATCCACGAGAGCTGGGACA
ASV_611,CACCGCGGTTATACGAGAGACCCTAGTTGATTAAAGCGGCGTAAAGAGTGGTTATGGAGTTTTCCCCTTTAAAGCAGAAAACCTCTCAAACTGTTATACGCACCCAGAGGTTGAAATCCCTCACACGAAAGTGACTTTATATTCGCCTACCAGAACCCACGAAAGCTGGGACA
ASV_612,CACCGCGGTTATACGAGAGGCCCAAGTTGACAACCACCGGCGTAAAGAGTGGTTATGGAAACACTATACTAAAGCCGAACACCCTCTAGGCTGTCATACGCACCTGAGGCTACGAAGCTCCCCCACGAAAGTGGCTTTATTCCTCCCTGAACCCACGACAGCTATGGTA
ASV_627,CACCGCGGTTATACGAGAGACCCTAGTTGATTGAAGCGGCGTAAAGAGTGGTTATGGAGTTTTCCCCTTTAAAGCAGAAAACCTCTCAAACTGTTATACGCACCCAGAGGTTGAAATCCCTCACACGAAAGTGACTTTATATTCGCCTACCAGAACCCACGAAAGCTAGGGTAG
ASV_632,CACCGCGGTTATACGAGAGGCCCAAGTTGACAACCACCGGCGTAAAGAGTGGTTATGGAAACACTATACTAAAGCCGAACACCCTCTAGGCTGTCATACGCACCTGAGGCTACGAAGCTCCCCCACGAAAGTGGCTTTATTCCTTCCTGAACCCACGACAGCTATGATA
ASV_640,CACCGCGGTTATACGAGAGACCCCAGTTGATTGAAGCGGCGTAAAGAGTGGTTATGGAGTTTTCCCCTTTAAAGCAGAAAACCTCTCAAACTGTTATACGCACCCAGAGGTTGAAATCCCTCACACGAAAGTGACTTTATATTCGCCTACCAGAACCCACGAAAGCTGGGACA
ASV_692,CACCGCGGTTATACGAGAGGCCCAAGTTGACAGACATCGGCGTAAAGAGTGGTTAAGTTAAAATTTATACTAAAGCCGAACATCCTCAAGGCTGTTATACGCACCCGAAGATAAGAAGTTCAACCACGAAGGTGGCTTTATTAGTCTGAACCCACGAAAGCTACGGCA
ASV_710,CACCGCGGTTATACGAGAGACCCTAGTTGATTGAAGCGGCGTAAAGAGTGGTTATGGAGTTTTCCCCTTTAAAGCAGAGAACCTCTCAAACTGTTATACGCACCCAGAGGTTGAAATCCCTCACACGAAAGTGACTTTATATTCGCCTACCAGAACCCACGAAAGCTGGGACA
ASV_728,CACCGCGGTTATACGAGAGGCCCAAGTTGACAACCGCCGGCGTAAAGAGTGGTTATGGAAACACTATACTAAAGCCGAACACCCTCTAGGCTGTCATACGCACCTGAGGCTACGAAGCTCCCCCACGAAAGTGGCTTTATTCCTCCCTGAACCCACGACAGCTATGATA
ASV_739,CACCGCGGTTATACGAGAGACCCTAGTTGATTGAAGCGGCGTAAAGAGTGGTTATGGAGTTCTCCCCTTTAAAGCAGAAAACCTCTCAAACTGTTATACGCACCCAGAGGTTGAAATCCCTCACACGAAAGTGACTTTATATTCGCCTACCAGAACCCACGAAAGCTGGGACA
ASV_742,CACCGCGGTTATACGAGAGGCCCAAATTGATAGCCAGCGGCGTAAAGAGTGGTTAGGGATAACCCCACTAAAGTCGAACGCCTTCAGAGCTGTTATACGCTCCCGAAGGCAAGAAGCCCTACTACGAAAGTAACTTTAAACCACCTGACTCCACGAAAGCTGTGAAA
ASV_756,CACCGCGGTCATACGATTGACCCAAATTAATAGACACCCGGCGTAAAGAGTGTCAAGGAAAAATATAAAAATAAAGTCAAACCTTAATTAAGCTGTAAAAAGCCATAATTAAAATTAAGTTAAACTACGAAAGTAACTTTACCATAAACTGAGTACACGACAACTAAGACC
ASV_758,CACCGCGGTTATACGAGAGGCCCAAGTTGATAGCCAGCGGCGTAAAGAGTGGTTAAGGGACATCCCCACTAAAGTCGAACGCATTCAGAGCTGTTATACGTTCCCGAAAGCAAGAAGCCCCACTACGAAAGTGACTTTATATCACCTGACTCCACGAAAGCTGTGAAA
ASV_771,CACCGCGGTTATACGAGAGACCCTAGTTGATTGAAGCGGCGTAAGGAGTGGTTATGGAGTTTTCCCCTTTAAAGCAGAAAACCTCTCAAACTGTTATACGCACCCAGAGGTTGAAATCCCTCACACGAAAGTGACTTTATATTCGCCTACCAGAACCCACGAAAGCTGGGACA
ASV_827,CACCGCGGTTATACGAGAGGCCCAAGTTGATAGATTCCGGCGTAAAGAGTGGTTAAGACAAGTTTTTGAACTAAAGCCGAATGCCCTCAGGGCTGTTATACGCTCCCGAAGGTAAGAAGACCAATCACGAAAGTGGCTTTATATAAGCTGAACCCACGAAAGCTATGACA
ASV_863,CACCGCGGTTATACGAGGGACCCTAGTTGATTTAATCGGCGTAAAGAGTGGTTATGGAGAATAAGAAACTAAAGCCGAAGACCTCTTAGGCCGTCATACGTACCTAGAGGCTCGAATAACAAACACGAAAGTAGCTTTACCCCTTCCTGCCAGAGCCCACGAAAGCTGGGATA
ASV_893,CACCGCGGTTATACGAGAGACCCTAGTTGATTGAAGCGGCGTAAAGAGTGGTTATGGAGTTTTCCCTTTTAAAGCAGAAAACCTCTCAAACTGTTATACGCACCCAGAGGTTGAAATCCCTCACACGAAAGTGACTTTATATTCGCCTACCAGAACCCACGAAAGCTGGGACA
ASV_898,CACCGCGGTTATACGAGAGGCCCAAATTGATAGCCAGCGGCGTAAAGAGTGGTTAGGGATAATCCCACTAAAGTCGAACGCCTTCAGAGCTGTTATACGCTCCCGAAGGCAAGAAGCCCTACTACGAAAGTAACTTTAAACCACCTGACTCCACGAAAGCTGTGAAA
ASV_993,CACCGCGGTTATACGAGAGGCTCAAGTTGATAGACAGCGGCGTAAAGAGTGGTTAGGGAAAACACAAACTAAAGTCGAACGCTTCCATAGCTGTTATACGCACCCGAAAATATGAAGCCCAACTACGAAAGTAACTTTAAAATACCTGAATCCACGAAAGCTAGGGAA
ASV_994,CACCGCGGTTATACGAGAGACCCTAGTTAATTGAAGCGGCGTAAAGAGTGGTTATGGAGTTTTCCCCTTTAAAGCAGAAAACCTCTCAAACTGTTATACGCACCCAGAGGTTGAAATCCCTCACACGAAAGTGACTTTATATTCGCCTACCAGAACCCACGAAAGCTGGGACA
ASV_1037,CACCGCGGTTATACGAGAGGCCCAAGTTGACAACCACCGGCGTAAAGAGTGGTTATGGAAACACCATACTAAAGCCGAACACCCTCTAGGCTGTCATACGCACCTGAGGCTACGAAGCTCCCCCACGAAAGTGGCTTTATTCCTCCCTGAACCCACGACAGCTATGATA
ASV_1045,CACCGCGGTTATACGAGAGGCCCAAGTTGACAGACACCGGCGTAAAGCGTGGTTAAGGTACACGAAAACTAAAGCCGAACACCTTCAGGGCAGTTATACGCATCCGAAGGCACGAAGCCCCACCACGAAAGTGGCTTTATGAACCCTGACCCCACGAAAGCTATGACA
ASV_1078,CACCGCGGCTATACGAGAGACCCAAGTTGATACCATTCGGCGTAAAGAGTGGTTATGGAAAATAAAGACTAAAGCCGCACACCTTCAAAGCTGTTATACGCATCCGAAGGTTAGAAGACCAACCACGAACGTAGCTTTACAACCCCTGACCCCACGAAAGCTCTGGCA
ASV_1098,CACCGCGGTTATACGAGAGGCCCAAGTTGATAACCACCGGCGTAAAGAGTGGTTATGGAAACACTATACTAAAGCCGAACACCCTCTAGGCTGTCATACGCACCTGAGGCTACGAAGCTCCCCCACGAAAGTGGCTTTATTCCTCCCTGAACCCACGACAGCTATGATA
ASV_1101,CACCGCGGTTATACGAGAGGCCCAAGTTGACAACCACCGGCGTAAAGAGTGGTTATGGAAACACTATACTAAGGCCGAACACCCTCTAGGCTGTCATACGCACCTGAGGCTACGAAGCTCCCCCACGAAAGTGGCTTTATTCCTCCCTGAACCCACGACAGCTATGATA
ASV_1128,CACCGCGGCTATACGAGAGACCCAAGTTGATACCATTCGGCGTAAAGAGTGGTTATGGAAAACAAAGACTAAAGCCGCACACCTTCAAAGCTGTTATGCGCACCCGAAGGCTAGAAGATCAACCACGAAGGTAGCTTTACAACCCCTGACCCCACGAAAGCTCTGGCA
ASV_1148,CACCGCGGTTATACGAGAGGCCCAAGCTGATAATTACCGGCGTAAAGAGTGGTTAAGATTAATTGAAGACTAAAGCCGAAAGCCCCCACAGCTGTTATACGCACTCGAGGGTAAGAAGCCCAACTACGAAAGTGGCTTTACAATGTCCGAATCCACGAAAGCTAGGGCA
ASV_1150,CACCGCGGTTATACGAGAGACCCCAGTTGATTGAAGCGGCGTAAAGAGTGGTTATGGAATTTTTTTCTTAAAGCAGAAAACCTCTCAAACTGTTATACGCACCCAGAGGTTAAGATCCCTCACACGAAAGTGACTTTATCTTCGCCTACCAGAACCCACGAAAGCTAGGACA
ASV_1168,CACCGCGGTTATACGAGAGGCCCAAGTTGAAAGACACCGGCGTAAAGCGTGGTTAAGTTAAAATTTAAACTAAAGTTAAACATCTTCAAGACTGTTATACGTATCCGAAGACAGGAGTCTCAATCACGAAAGTAACTTTATCTAAACTGAACCCACGAAAGCTACGGCA
ASV_1186,CACCGCGGTCATACGATTGACCCAAATTAATAGACACCCGGCGTAAAGAGTGTCGAGGAACAATATAAAAATAAAGTCAAGCCTTAATTAAGCTGTAAAAAGCCATAATTAAAATTAAGTTAAACTACGAAAGTAACTTTACCATAAACCGAGTACACGATAACTAAGACC
ASV_1203,CACCGCGGTTATACGAGAGACCCTAGTTGATTGAAGCGGCGTAAAGAGTGGTTATGGAGTTTTCCCCTTTAAAGCAGAAAACCTCTCAAACTGTTATACGCACCCAGAGGTTGAAATCCCTCACACGAAAGTGACTTTATATTCACCTACCAGAACCCACGAAAGCTGGGACA
ASV_1220,CACCGCGGTCATACGATTGACCCAAGTTAATAGACACCCGGCGTAAAGAGTGTCGAGGAGTAACATAAAATAAAGTCAAATCTTAGTTAAGCTGTAAAAAGCCATAACTAAGCCTAAGCTAAACCACGCAAGTAACTTTATCACAAACCGAGTACACGACAACTAAGACC
ASV_1249,CACCGCGGTTATACGAGAGGCCCAAGTTGATAGTCAACGGCGTAAAGAGTGGTTAGAAGAAACATACAACTAAAGCCGAACGCCTTCAAGGCTGTTATACGCATACCGAAGGTGAGAAGCCCACCCACGAAAGTGGCTTTACAACTTTGAATCCACGAAAGCTATGAAA
ASV_1257,CACCGCGGCTATACGAGAGACCCAAGTTGATACCATTCGGCGTAAAGAGTGGTTATGGAAAATAAGTACTAAAGCCGCACACCTTCAAAGCTGTTATACGCATCCGAAGGTTAGAAGACCAACCACGAAGGTAGCTTTACAACCCCTGACCCCACGAAAGCTCTGGCA
ASV_1264,CACCGCGGTTATACGAGAGACCCTAGTTGATACACTCGGCGTAAAGAGTGGTTATGGAGAACAGGTACTAAAGCCGAAGACCCCTCAGGCCGTCATACGCACCCGGGGGCTCGAACCACTGATACGAAGGTAGCTTTACTCTCGCCCACCAGAATCCACGATAGCTGGGACA
ASV_1271,CACCGCGGTTATACGAGGGACCCTAGTTGATTTAATCGGCGTAAAGAGTGGTTATGGAGAATAAAAAACTAAAGCCGAAGACCTCTTAGGCCGTCATACGTACCTAGAGGCTCGAATAACAAACACGAAAGTAGCTTTACCCCTTCCTGCCAGAACCCACGAGAGCTGGGATA
ASV_1293,CACCGCGGTTATACGAGAGACCCTAGTTGATAGAAGCGGCGTAAAGAGTGGTTATGAGATAACCCCCTTCCCCTAAAGTAGAAAGCCTCTTAAACTGTTATACGCACCCAGAGGTCTGAATCTCTCACACGAAAGTGACTTTATTAACGTCTACCAGAACCCACGAAAGCTGGGGCA
ASV_1316,CACCGCGGTTATACGAGAGGCTCAAGTTGACAAACCCTCGGCGTAAAGAGTGGTTAAAGACCCCCCCCCTACTAAAGCCGAACACTCTCATAGCTGTTATACGCTCTCGAGAACAAGAAGCCCAATTACGAAAGTAGCTTTATTTAACTTGACCCCACGTAAGCTGTGGAA
ASV_1330,CACCGCGGTTATACGAGAGGCCCAAGTTGATAGTCAACGGCGTAAAGAGTGGTTAGAAGGAACCTGTTACTAAAGCCGAACGCCCTCAAAGCTGTTATACGCATCCGAAGGTGAGAAGCCCATTCACGAAAGTGGCTTTATATCCTTGAATCCACGAAAGCTACGAAA
ASV_1341,CACCGCGGTCATACGAGTGTTAGCCCAAGCAGATGGTCAACGGCGTAAAAAGTGGTTAGGGAACCCTGAAACTAAAGCTGAACGCCCGCAGGGCCGTTATACGCATCCGACAGCATGAAACCCCACCACGAAAGTGGCTTTAACCTGACCCGAACCCACGACAGCTAAGACA
ASV_1385,CACCGCGGTTATACGAGAGGCCCAAGTTGACAACCACCGGCGTAAAGAGTGGTTATGGAAATACTATACTAAAGCCGAACACCCTCTAGGCTGTCATACGCACCTGAGGCTACGAAGCTCCCCCACGAAAGTGGCTTTATTCCTCCCTGAACCCACGACAGCTATGATA
ASV_1529,CACCGCGGTCAAACGAGTGTGCCCAAGTGGACAATCTACGGCGTAAGCGTGGTTAGGGAAACCCCACAACTAAAGTAGAACTAGCTCCGGGCTGTGATACGCACCCGACACTGTGAAACCTCACCACGAAAGTGACTTTAACAACCCCTGAACCCACGAAAGCTGGGGAA
ASV_1565,CACCGCGGTTATACGAGAGACCCTAGTTGATTGAAGCGGCGTAAAGAGTGGTTATGGAGTTTTCCCCTTTAAAGCAGAAAACCTCTCAAACTGTTATACGCACCCAGAGGTTGAAATCCCTCACACGAAGGTGACTTTATATTCGCCTACCAGAACCCACGAAAGCTGGGACA
ASV_1569,CACCGCGGTTATACGAGAGACCCTAGTTGATTGAAGCGGCGTAAAGAGTGGTTATGGAATTTTCCCCTTTAAAGCAGAAAACCTCTCAAACTGTTATACGCACCCAGAGGTTGAAATCCCTCACACGAAAGTGACTTTATATTCGCCTACCAGAACCCACGAAAGCTGGGACA
ASV_1572,CACCGCGGTTATACGAGAGGCCCAAGTTGACAAACACCGGCGTAAAGCGTGGTTAAGTTAAAAATCGTACTAAAGCCAAACATCTTCAAGACTGTTATACGTAACCGAAGACAGGAAGTTCAACCACGAAAGTCGCTTTATCTGATCTGAATCCACGAAAGCTAAGGAA
ASV_1609,CACCGCGGTTATACGAGAGGCCCGAGCTGATAGTTGCCGGCGTAAAGAGTGGTTAAGATCAATTAAAAACTAAAGCCAAAAGCCCTCACAGCTGTTATACGCACTCGAGAGTAGGAAGCCCAACTACGAAAGTGGCTTTACAACATCTGAACCCACGAAAGCTAGGGTA
ASV_1619,CACCGCGGTTATACGAGGGACCCTAGTTGATTTAATCGGCGTAAAGAGTGGTTATGGAGAATAAGAAACTAAAGCCGAGGACCTCTTAGGCCGTCATACGTACCTAGAGGCTCGAATAACAAACACGAAAGTAGCTTTACCCCTTCCTGCCAGAACCCACGAGAGCTGGGATA
ASV_1649,CACCGCGGTTATACGAGAGGCCCAAGTTGACAGTCAACGGCGTAAAGAGTGGTTAGAAAGAACCTATTACTAAAGCCGAACGCCTTCAGAGCTGTTATACGCATCCGAAGGTGAGAAGCCCATCCACGAAAGTGGCTTTACAACTTTGAACCCACGAAAGCTACGGAA
ASV_1655,CACCGCGGTTATACGAGTGACCCTTATTAATATTTTCCCGGCGTAAAGAGTGGTTTAAGAAAACCTTAAACAACTAAAGTTAAGACCTCATCAAGCCGTTATACGCTCTTATGAGAGGAATTATCAACAACGAAAGTGACTTTATAATATTAGAGACCTTGATGCCACGACAGTTGGGCCC
ASV_1685,CACCGCGGTTATACGAGAGGCCCAAGTTGACAACCACCGGCGTAAAGAGTGGTTATGGAAACACTATACTAAAGCCGAATACCCTCTAGGCTGTCATACGCACCTGAGGCTACGAAGCTCCCCCACGAAAGTGGCTTTATTCCTCCCTGAACCCACGACAGCTATGATA
ASV_1688,CACCGCGGCTATACGAGAGACCCAAGTTGATACCATTCGGCGTAAAGAGTGGTTATGGAAAATAAAGACTAAAGCCGCACACCCTCAAAGCTGTTATACGCATCCGAAGGCTAGAAGATCAACCACGAAGGTAGCTTTACAACCCCTGACCCCACGAAAGCTCTGGCA
ASV_1693,CACCGCGGTTATACGTGAGACCCTAGTTGATTGAAGCGGCGTAAAGAGTGGTTATGGAGTTTTCCCCTTTAAAGCAGAAAACCTCTCAAACTGTTATACGCACCCAGAGGTTGAAATCCCTCACACGAAAGTGACTTTATATTCGCCTACCAGAACCCACGAAAGCTGGGACA
ASV_1737,CACCGCGGTTATACGAGGGACCCTAGTTGATTTAATCGGCGTAAAGAGTGGTTATGGAGAATAAGAAACTAAAGCCAAAGACCTCTTAGGCCGCCATACGTACCTAGAGGCTCGAATAACAAACACGAAAGTAGCTTTACCCCTTCCTGCCAGAACCCACGAGAGCTGGGATA
ASV_1793,CACCGCGGTTATACTAGAGACCCTAGTTGATTGAAGCGGCGTAAAGAGTGGTTATGGAGTTTTCCCCTTTAAAGCAGAAAACCTCTCAAACTGTTATACGCACCCAGAGGTTGAAATCCCTCACACGAAAGTGACTTTATATTCGCCTACCAGAACCCACGAAAGCTGGGACA
ASV_1802,CACCGCGGTTATACGATAGGCCCAAGTTGACAGACCCCGGCGTAAAGCGTGGTTAGGGAAAACTCAAAACTAAAGCCGAATATCTTCAGGGCAGTTATACGCTTCCGAGGACACGAAGCCCTTCCACGAAAGTGACTTTATTACCCCCGACCCCACGAAAGCTAGGACA
ASV_1804,CACCGCGGTTATACGAGAGGCCTAAGTTGACAGACAGCGGCGTAAAGAGTGGTTAAGGAAAACACAAAACTAAAGCCGAACGCCTTCAGAACTGTCATACATCTTCGAAGGTATGAAGCCCAACCACGAAAGTGGCTTTATCTCTCCTGAACCCACGAAAGCTAAGAAA
ASV_1821,CACCGCGGTTATACGAGAGACCCTAGTTGATTGAAGCGGCGTAAAGAGTGGTTATGGAGTTTTCCCCTTTAAAGCAGAAAACCTCTCAAACTGTTATACGCACCCAGAGGTTGAAATCCATCACACGAAAGTGACTTTATATTCGCCTACCAGAACCCACGAAAGCTGGGACA
ASV_1823,CACCGCGGTTATACGAGAGGCCTAAGTTGACGGACAGCGGCGTAAAGAGTGGTTAAGGAAAACACAAAACTAAAGCCGAACGCCTTCAGAACTGTCATACGTCTTCGAAGGTATGAAGCCCAACCACGAAAGTGGCTTTATCCCTCCTGAACCCACGAAAGCTAAGAAA
ASV_1833,CACCGCGGTTATACGATAGGCCCAAGTTGACAGACCCCGGCGTAAAGCGTGGTTAGGGAAAACTCAAAACTAAAGCCGAATATCTTCAGGGCAGTTATACGCTTCCGAAGACACGAAGCCCTTCCACGAAAGTGACTTTATTACCTCCGACCCCACGAAAGCTAGGACA
ASV_1906,CACCGCGGTTATACGAGGGACCCTAGTTGATTTAATCGGCGTAAAGAGTGGTTATGGAGAATAAGAAACTAGAGCCGAAGACCTCTTAGGCCGTCATACGTACCTAGAGGCTCGAATAACAAACACGAAAGTAGCTTTACCCCTTCCTGCCAGAACCCACGAGAGCTGGGATA
ASV_1910,CACCGCGGTTATACGAGAGGCCCAAGTTGACAACCACCGGCGTAAAGAGTGGTTATGGAGTTTTCCCCTTTAAAGCAGAAAACCTCTCAAACTGTTATACGCACCCAGAGGTTGAAATCCCTCACACGAAAGTGACTTTATATTCGCCTACCAGAACCCACGAAAGCTGGGACA
ASV_1924,CACCGCGGCTATACGAGAGACCCAAGTTGATACCATTCGGCGTAAAGAGTGGTTATGGAAAATAAGGACTAAAGCCGCACACCTTCAAAGCTGTTATACGCATCCGAAGGCTAGAAGATCAACCACGAAGGTAGCTTTACAACCCCTGACCCCACGAAAGCTCTGGCA
ASV_1938,CACCGCGGTTATACGAGAGGCCCAAGTTGACAACCGCCGGCGTAAGGAGTGGTTATGGAAACACTATACTAAAGCCGAACACCCTCTAGGCTGTCATACGCACCTGAGGCTACGAAGCTCCCCCACGAAAGTGGCTTTATTCCTCCCTGAACCCACGACAGCTATGATA
ASV_1956,CACCGCGGTCATACGATTGACCCAAATTAATAGACACCCGGCGTAAAGAGTGTCAAAGAACGATATAAAAATAAAGTTAAGCCTTAATTAAGCTGTAAAAAGTCATAATTAAAACTAAGTTAAACTACGAAAGTAACTTTACCATAAACTGAGTACACGACAACTAAGATC
ASV_1964,CACCGCGGTTATACGAGGGACCCTAGTTGATTTAATCGGCGTAAAGAGTGGTTATGGAGAATAAGAAACTAAAGCCGAAGACCTCCTAGGCCGTCATACGTACCTAGAGGCTCGAATAACAAACACGAAAGTAGCTTTACCCCTTCCTGCCAGAACCCACGAGAGCTGGGATA
ASV_1997,CACCGCGGTTATACGAGAGGTCCAAGTAGATAGTTAACGGCGTAAAGAGTGGTTAGAAAGCCCCATAACTAAAGCCGAACGCCCTCAAAGCTGTTATACGCACCCGAGAGTGAGAAGCCCATCCACGAAAGTGGCTTTACAACTTTGAACCCACGAAAGCTATGGCA
ASV_2015,CACCGCGGTTATACGAGAGACCCTAGTTGATTGAAGAGGCGTAAAGAGTGGTTATGGAGTTTTCCCCTTTAAAGCAGAAAACCTCTCAAACTGTTATACGCACCCAGAGGTTAAAATCCCTCACACGAAAGTGACTTTATATTCGCCTACCAGAACCCACGAAAGCTGGGACA
ASV_2025,CACCGCGGTTATACGAGAGACCCTAGTTGATTGAAGCGGCGTAAAAAGTGGTTATGGAGTTTTCCCCTTTAAAGCAGAAAACCTCTCAAACTGTTATACGCACCCAGAGGTTGAAATCCCTCACACGAAAGTGACTTTATATTCGCCTACCAGAACCCACGAAAGCTGGGACA
ASV_2061,CACCGCGGTTATACGAGAGACCCTAGTTGATTGAAGCGGCGTAAAGAGTGGTTATGGAGTTTTCCCCTTTAAAGCAGAAAACCTCTCAAACTGTTATACGCACCCAGAGGTTGAAATCCCTCACACGAAAGTGACTTTATATTCGCCTACAAGAACCCACGAAAGCTGGGACA
ASV_2064,CACCGCGGCTATACGAGAGGCCCAAGTTGATACCATTCGGCGTAAAGAGTGGTTATGGAAAATAAAGACTAAAGCCGCACACCTTCAAAGCTGTTATACGCATCCGAAGGCTAGAAGACCAACCACGAAGGTAGCTTTACAACCCCTGACCCCACGAAAGCTCCGGCA
ASV_2073,CACCGCGGTTATACGATAGGCCCAAGTTGACAGACCCCGGCGTAAAGCGTGGTTAGGGAAAACTCAAAACTAAAGCAGAATATCTTCAGGGCAGTTATACGCTTCCGAAGACACGAAGCCCTTCCACGAAAGTGACTTTATTACCCCCGACCCCACGAAAGCTAGGACA
ASV_2125,CACCGCGGTTATACGAGAGGCCCAAGTTGATAGTCTACGGCGTAAAGCGTGGTTAGAAAGATTCTACAACTAAAGCCGAACGCCTTCAAGGCTGTTATACGCTTCCGAAGGTGAGAAGCCCACCCACGAAAGTGGCTTCACAATTTTGAACCCACGAAAGCTGGGATA
ASV_2260,CACCGCGGTTATACGAGAGGCCCAAGTTGGCAACCACCGGCGTAAAGAGTGGTTATGGAAACACTATACTAAAGCCGAACACCCTCTAGGCTGTCATACGCACCTGAGGCTACGAAGCTCCCCCACGAAAGTGGCTTTATTCCTCCCTGAACCCACGACAGCTATGATA
ASV_2268,CACCGCGGTTATACGAGAGACCCTAGTTGATTGAAGCGGCGTAAAGAGTGGTTATGGATTTTTCCCCTTTAAAGCAGAAAACCTCTCAAACTGTTATACGCACCCAGAGGTTGAAATCCCTCACACGAAAGTGACTTTATATTCGCCTACCAGAACCCACGAAAGCTGGGACA
ASV_2323,CACCGCGGTTATACGAGAGGCCCTAGTTGATAACTACCGGCGTAAAGAGTGGTTATGGAAAAATATTTAATAAAGCCGAACACCCCCTCAGCCGTCATACGCACCTGGGGGCACGAAGACCTACTGCGAAAGCAGCTTTAATTACACCTGACCACACGACAGCTAAGAAA
ASV_2330,CACCGCGGTTATACGAGGGACCCTAGTTGATTTAATCGGCGTAAAGAGTGGTTATGGAGAATAAGAAACTAAAGCCGAAGACCTCTTAGGCCGTCATACGCACCTAGAGGCTCGAATAACAAACACGAAAGTAGCTTTACCCCTTCCTGCCAGAACCCACGAGAGCTGGGATA
ASV_2331,CACCGCGGTTATACGAGAGACCCAAGTTGACAGAATCCGGCGTAAAGCGTGGTTAAGGGTCCCAAAAAACTAAAGCCGAATGTTCTCAGAGCAGTTATACGCATCCGAAGATACGAAGCTCCACCACGAAAGTGGCTTTACACCCCCTCCCCTGACCCCACGAAAGCTATGAAA
ASV_2378,CACCGCGGTTATACGAGAGGCTCAAGTTGATAGACAGCGGCGTAAAGAGTGGTTAGGAAAAACACAAACTAAAGTCGAACGCTTCCATAGCTGTTATACGCACCCGAAAATATGAAGCCCAACTGCGAAAGTAACTTTAAAATACCTGAATCCACGAAAGCTAGGGAA
ASV_2393,CACCGCGGTTATACGAGAGGCCCAAGTTGACAACCACCGGCGTAAAGAGTGGTTATGGAAACACTATACTAAAGCCGAACACCCTCTAGGCTGTCATACGCACCTGAGGCTACGGAGCTCCCCCACGAAAGTGGCTTTATTCCTCCCTGAACCCACGACAGCTATGATA
ASV_2422,CACCGCGGTCATACGAGTGTTAGCCCAAGCAGATGGTCAACGGCGTAAAGAGTGGTTAGGGAACCCTGAAACTAAAGCTGAACGCCCGCAGGGCCGTTATACGCATCCGACAGCATGAAACCCCACCACGAAAGTGGCTTTAACCTGACCCGAACCCACGACAGCTAAGACG
ASV_2441,CACCGCGGTTATACGAGAGACCCTAGTTGATAGAAGCGGCGTAAAGAATGGTTATGAGATAACCCCCTTCCCCTAAAGTAGAAAGCCTCTTAAACTGTTATACGCACCCAGAGGTCTGAATCTCTCACACGAAAGTGACTTTATTAATGTCTACCAGAACCCACGAAAGCTGGGGCA
ASV_2468,CACCGCGGTTATACGAGAGGCCCAAGTTGATAGCCAGCGGCGTAAAGAGTGGTTAAGGGACATCCCCACTAAAGTCGAACACATTCAGAGCTGTTATACGTTCCCGAAAGCAAGAAGCCCCACTACGAAAGTGACTTTATATTACCTGACTCCACGAAAGCTGTGAAA
ASV_2519,CACCGCGGTTATACGAGGGACCCTAGTTGATTTAATCGGCGTAAAGAGTGATTATGGAGAATAAGAAACTAAAGCCGAAGACCTCTTAGGCCGTCATACGTACCTAGAGGCTCGAATAACAAACACGAAAGTAGCTTTACCCCTTCCTGCCAGAACCCACGAGAGCTGGGATA
ASV_2521,CACCGCGGTTATACGAGAGGCTCAAGTTGATAGACAGCGGCGTAAAGAGTGGTTAGGGAAATATATAAACTAAAGTCGAACGCTTCCATAGCTGTTATACGCACCCGAAAACATGAAGCCCAACTACGAAAGTGACTTTAAGACACCTGAGCCCACGAAAGCTAGGGAG
ASV_2580,CACCGCGGTTATACGAGTGTGCCCGAGTAGACAGCCGGCGGCGTAAAGCGTGGTTAAGGAGAAACCCAACTAAAGATGAACCGCCCCCTCGCTGTTATACGCACCCGAGACTGTGAAACCCCACTACGAAAGTGACTTTAATCTGACCCGAACCCACGAAAGCTAAGGAA
ASV_2606,CACCGCGGTTATACGAGCGGCCCAAGTTGATAAAAATCGGCGTAAAGCGTGGTTAAAAAAATGTTTAAACTAGAGCCGAATAGCCTCAAAGCAGTTATACGCACTCGAGGCCACGAAGTACAATTACAAAAGTAGCTCTATCCCACTTTGACTCCACGAAAACCATAAAA
ASV_2628,CACCGCGGTCATACGAGTGTTAGCCCAAGCAGATGGTCAACGGCGTAAAGAGTGGTTAGGGAACCCTGGAACTAAAGCTGAACGCCCGCAGGGCCGTTATACGCATCCGACAGCATGAAACCCCACCACGAAAGTGGCTTTAACCTGACCCGAACCCACGACAGCTAAGACA
ASV_2652,CACCGCGGTTATACGAGAGGCCTAAGTTGACAGACAGCGGCGTAAAGAGTGGTTAAGGAAAACACAAAACTAAAGCCGAACGCCTTCAGAACTGTCATACGTCTTCGAAGGTATGAAGCCCAACCACGAAAGTGGCTTTATCTCTCCTGAACCCACGAAAGCTAAGGAA
ASV_2694,CACCGCGGTTATACGAGAGGCCCAAGTTGACAACCACCGGCGTAGAGAGTGGTTATGGAAACACTATACTAAAGCCGAACACCCTCTAGGCTGTCATACGCACCTGAGGCTACGAAGCTCCCCCACGAAAGTGGCTTTATTCCTCCCTGAACCCACGACAGCTATGATA
ASV_2714,CACCGCGGTTATACGAGGGACCCTAGTTGATTTAATCGGCGTAAAGAGTGGTTATGGAGAATAAGAAACTAAAGCCGAAGACCTCTTAGGCCGTCATACGTACCTACAGGCTCGAATAACAAACACGAAAGTAGCTTTACCCCTTCCTGCCAGAACCCACGAAAGCTGGGATA
ASV_2723,CACCGCGGTTATACGAGGGACCCTAGTTGATTTAATCGGCGTAAAGAGTGGTTATGGAGAATAAGAAACTAAAGCCGAAGACCTCTTAGGCCGTCATACGTACCTAGAGGCTCTAATAACAAACACGAAAGTAGCTTTACCCCTTCCTGCCAGAACCCACGAGAGCTGGGATA
ASV_2784,CACCGCGGTTATACGAGGTACCCTAGTTGATTTAATCGGCGTAAAGAGTGGTTATGGAGAATAAGAAACTAAAGCCGAAGACCTCTTAGGCCGTCATACGTACCTAGAGGCTCGAATAACAAACACGAAAGTAGCTTTACCCCTTCCTGCCAGAACCCACGAAAGCTGGGATA
ASV_2817,CACCGCGGTTATACGAGAGGCCTAAGTTGACGGACAGCGGCGTAAAGAGTGGTTAAGGAAAACACAAAACTAAAGCCGAACGCCTTCAGAACTGTCATACGTCTTCGAAGGTATGAAGCCCAACCACGAAAGTGGCTTTATCTCTCCTGAACCCACGAAAGCTAAGAAA
ASV_2842,CACCGCGGCTATACGAGAGACCCAAGTTGATACCATTCGGCGTAAAGAGTGGTTATGGAGTTTTCCCCTTTAAAGCAGAAAACCTCTCAAACTGTTATACGCACCCAGAGGTTGAAATCCCTCACACGAAAGTGACTTTATATTCGCCTACCAGAACCCACGAAAGCTGGGACA
ASV_2849,CACCGCGGTTATACGAGAGGCTCAAGTTGACAGACAACGGCGTAAAGAGTGGTTAAGGAAAACATTTAACTAAAGCGGAACCCCCTCATTGCTGTTATACGCTTCCGAGGGAATGAACCCCAACTACGAAGGTGGCTTTACATTAACCTGAACCCACGAAAGCTAAGGAA
ASV_2887,CACCGCGGTTATACGAGAGACCCTAGTTGATAGAAGCGGCGTAAAGAGTGGTTATGAGATAACCCCCTTCCCCTAAAGTAGAAAGCCTCTTAAACTGTTATACGCACCCAGAGGTCTGAATCTCTTACACGAAAGTGACTTTATTAATGTCTACCAGAACCCACGAAAGCTGGGGCA
ASV_2944,CACCGCGGTTATACGAGAGGCCCAAGTTGACAGACACCGGCGTAAAGAGTGGTCAAGGGTAAAAACAACTAAAGCCGAACGTCCCCCTGGCTGTTATACGCACTCGGAGGAATGAAGCCCCACCACGAAAGTGGCTTTACCTAGCCTGAACCCACGACAACTAAGAAA
ASV_2964,CACCGCGGTTATACGAGAGGCCTAAGTTGACAGACAGCGGCGTAAAGAGTGGTTAAGGAAAACACAAAACTAAAGCCGAACGCCTTCAGAACTGTCATACGTCTTCGAAGATATGAAGCCCAACCACGAAAGTGGCTTTATCTCTCCTGAACCCACGAAAGCTAAGAAA
ASV_3014,CACCGCGGTTATACGAGAGGCCTAAGTTGACAGACAGCGGCGTAAAGAGTGGTTAAGGAAAACACAAAACTAAAGCCGAACGCCTTCAGAACTGTCATACGTCTTCGAGGGTATGAAGCCCAACCACGAAAGTGGCTTTATCTCTCCTGAACCCACGAAAGCTAAGAAA
ASV_3040,CACCGCGGTTATACGAGAGACCCTAGTTGATTGAAGCGGCGTAAAGAGTGGTTGTGGAGTTTTTCCCTTTAAAGCAGAAAACCTCTCAAACTGTTATACGCACCCAGAGGTTGAAATCCCTCACACGAAAGTGACTTTATATTCGCCTACCAGAACCCACGAAAGCTGGGACA
ASV_3062,CACCGCGGTTATACGAGAGACCCAAGTTGATAGACCCCGGCGTAAAGAGTGGTTAAGATTTATTTATACTTAAAGCCGAACGCCCTCAAAGCAGTTATACGCACCCGAGGGTAAGAAGCCCAATCACGAAAGTGGCTTTATTACTCCTGACTCCACGAAAGCTATGGAA
ASV_3065,CACCGCGGTTATACGAGAGGCCCAAGTTGACAACCACCGGCGTAAAGAGTGGTTATGGAAACACTATACTAAAGCCGTACACCCTCTAGGCTGTCATACGCACCTGAGGCTACGAAGCTCCCCCACGAAAGTGGCTTTATTCCTCCCTGAACCCACGACAGCTATGATA
ASV_3085,CACCGCGGTTATACGAGAGGCCCTAGTTGATAACTACCGGCGTAAAGAGTGGTTATGGAAAAATATTTAATAAAGCCGAACACCCCCTCAGCCGTCATACGCACCTGGGGGCACGAAGACCTACTGCGAAAGCAGCTTTAATTACACCTGACACCACGACAGCTAAGAAA
ASV_3105,CACCGCGGTTATACGAGAGGCCCAAGTTGTTAGTCCTCGGCGTAAAGAGTGGTTAGGAACAGCCCAAATACTAAAGCCAAACACCTTCGAAGCTGTTATACGCTCTCGAAGACAAGAAGTTCAACAACGAAAGTGGCTTTAAATTTTCCGAACCCACGAAAGCTATGGTA
ASV_3111,CACCGCGGTTATACGAGAGACCCTAGTTGATTGAAGCGGCGTAAGGAGTGGTTATGGAGTTCTCCCCTTTAAAGCAGAAAACCTCTCAAACTGTTATACGCACCCAGAGGTTGAAATCCCTCACACGAAAGTGACTTTATATTCGCCTACCAGAACCCACGAAAGCTGGGACA
ASV_3139,CACCGCGGTTATACGAGAGGCCCAAGTTGACAACCACCGGCGTAAAGAGTGGTTATGGAAACACTATACTAAAGCCGAACACCCTCTAGGCTGTCATACGCATCTGAGGCTACGAAGCTCCCCCACGAAAGTGGCTTTATTCCTCCCTGAACCCACGACAGCTATGATA
ASV_3144,CACCGCGGTTATACGAGAGGCTCAAGTTGATAGACAGCGGCGTAAAGAGTGGTTAGGAAAAACACAAACTAAAGTCGAACGCTTCCATAGCTGTTATACGCACCCGGAAATATGAAGCCCAACTACGAAAGTAACTTTAAAATACCTGAATCCACGAAAGCTAGGGAA
ASV_3165,CACCGCGGTTATACGAGAGGCCTAAGTTGACAACCACCGGCGTAAAGAGTGGTTATGGAAACACTATACTAAGGCCGAACACCCTCTAGGCTGTCATACGCACCTGAGGCTACGAAGCTCCCCCACGAAAGTGGCTTTATTCCTCCCTGAACCCACGACAGCTATGATA
ASV_3195,CACCGCGGTTATACGAGAGACCCTAGTTGATTGAAGCGGCGTAAAGGGTGGTTATGGAGTTTTCCCCCTTTAAAGCAGAAAACCTTTCAAACTGTTATACGCACCCAGAGGTTGAAATCCCTCACACGAAAGTGACTTTATATTCGCCTACCAGAACCCACGAAAGCTGGGACA
ASV_3202,CACCGCGGTTATACGAGAGGCCCAAGTTGATAGTCAACAGCGTAAAGAGTGGTTAGAAGAAACATACAACTAAAGCCGAACGCCTTCAAGGCTGTTATACGCATACCGAAGGTGAGAAGCCCACCCACGAAAGTGGCTTTACAACTTTGAATCCACGAAAGCTATGAAA
ASV_3232,CACCGCGGTTATACGATAGGCCCAAGTTGACAGACCCCGGCGTAAAGCGTGGTTAGGGAAAACTCAAAACTAAAGCCGAATATCTTCAGGGCAGTTATACGCTTCCGAAGACACGAAGCCCTTCCACGAAAGTGACTTTATTACCCCCGACCCAACGAAAGCTAGGACA
ASV_3266,CACCGCGGTTATACGAGAGGCTCAAGTTGACAGACAACGGCGTAAAGAGTGGTTAAGGAAAACATTTAACTAAAGCGGAACCCCCTCATTTCTGTTATACGCTTCCGAGGGAATGAACCCCAACTACGAAGGTGGCTTTATATTAACCTGAACCCACGAAAGCTAAGGAA
ASV_3301,CACCGCGGTTATACGAAAGACCCAAGCTGATAGATGCCGGCGTAAAGAGTGGTTAAGTACATTGATAGAACTAAAGCCGAACGCCCTCAAGACCGTTATACGTTTCCGAAGGTATGAAGCCCAACTACGAAAGTAACTTTAACTATATCCGACTCCACGAAAGCTGCGAAA
ASV_3404,CACCGCGGTTATACGAGCGGCCCAAGTTGATAAAAATCGGCGTAATGCGTGGTTAAAAAAATGTTTAAACTAGAGCCGAATAGCCTCAAAGCAGTTATACGCACTCGAGGCCACGAAGTACAATTACAAAAGTAGCTCTACCCCACTTTGACTCCACGAAAACCATAAAA
ASV_3426,CACTGCGGCTATACGAGAGACCCAAGTTGATACCATTCGGCGTAAAGAGTGGTTATGGAAAATAAAGACTAAAGCCGCACACCTTCAAAGCTGTTATACGCATCCGAAGGCTAGAAGATCAACCACGAAGGTAGCTTTACAACCCCTGACCCCACGAAAGCTCTGGCA
ASV_3630,CACCGCGGTTATACGAGAGGCCCAAGTTGACAGACACCGGCGTAAAGCGTGGTTAAGGTAAATTAAAACTAAAGCCGAACACCTTCAGGGCAGTTATACGCATCCGAAGGCACGAAGCCCCACCTCGAAAGTGGCTTTATGATCCCTGACCCCACGAAAGCTATGACA
ASV_3661,CACCGCGGTTATACGAGAGGCCTAAGTTGACAGACAGCGGCGTAAAGAGTGGTTAAGGAAAACACAAAACTAAAGCCGAACGCCTTCAGAACTGTCATACGTCTTCGAAGGTATGAAGCCCAACCACGAAAGTGGCTTTATCTTTCCTGAACCCACGAAAGCTAAGAAA
ASV_3662,CACCGCGGTTATACGAGAGGCCCAAGTTGATAGCCAGCGGCGTAAAGAGCGGTTAAGGGACATCCCCACTAAAGTCGAACGCATTCAGAGCTGTTATACGTTCCCGAAAGCAAGAAGCCCCACTACGAAAGTGACTTTATATTACCTGACTCCACGAAAGCTGTGAAA
ASV_3678,CACCGCGGTTATACGAGAGGCCCTAGTTGATAGGCACGGCGTAAAGGGTGGTTAAGGGAGTACACAAATAAAGCCGAAGGACCCTCTGGCCGTTATACGCTTCTGGACGCCCGAAGCCCAAATACGAAAGTAGCTTTAATTTAGCCCACCTGACCCCACGAAAACTGAGAAA
ASV_3723,CACCGCGGTTATACGAGAGGCTCAAGTTGATAGACAGCGGCGTAAAGAGTGGTTATGGAGTTTTCCCCTTTAAAGCAGAAAACCTCTCAAACTGTTATACGCACCCAGAGGTTGAAATCCCTCACACGAAAGTGACTTTATATTCGCCTACCAGAACCCACGAAAGCTGGGACA
ASV_3746,CACCGCGGTTATACGAGAGGCCCAAGTTGACAACCACCGGCGTAAAGAGTGGTTATGGAAATACTATACTAAAGCCGAACACCCTCTAGGCTGTCATACGCACCTGAGTCTACGAAGCTCCCCCACGAAAGTGGCTTTATTCCTCCCTGAACCCACGACAGCTATGATA
ASV_3748,CACCGCGGTTATACGAGAGGCCCTAGTTGATTTAATCGGCGTAAAGAGTGGTTATGGAGAATAAGAAACTAAAGCCGAAGACCTCTTAGGCCGTCATACGTACCTAGAGGCTCGAATAACAAACACGAAAGTAGCTTTACCACTTCCTGCCAGAACCCACGAGAGCTGGGATA
ASV_3753,CACCGCGGTCATACGAGTGTGCCCGAGTAGACAGCCGGCGGCGTAAAGCGTGGTTAAGGAGGAACCCAACTAAAGATGAACCGCCCCCTGGCTGTTATACGCACCCGAGACTGTGAAACCCCACTACTAAAGTGACTTTAATCTGACCCGAACCCACGAAAGCTAAGGAA
ASV_3799,CACCGCGGTTATACGAGAGGCCCTAGTTGATTTAATCGGCGTAAAGAGTGGTTATGGAGAATAAGAAACTAAAGCCGAAGACCTCTTAGGCCGTCATACGTACCTAGAGGCTCGAATAACAAACACGAAACTAGCTTTACCCCTTCCTGCCAGAACCCACGAGAGCTGGGATA
ASV_3802,CACCGCGGTTATACGAGAGGCTCAAGTTGACAGACAACGGCGTAAGGAGTGGTTAAGGAAAACATTTAACTAAAGCGGAACCCCCTCATTGCTGTTATACGCTTCCGAGGGAATGAACCCCAACTACGAAGGTGGCTTTATATTAACCTGAACCCACGAAAGCTAAGGAA
ASV_3829,CACCGCGGTTATACGAGAGGCCCAAGTTGACAAACAACGGCGTAAAGAGTGGTTAGGGGATTTACTAAACTAGAGCCGAACGCTTTCAAAGCTGTTATACGCATCCGGAAGTATGAAACCCAATTACGAAAGTAGCTCTACACATCCTGAACCCACGAAAGCTAAGAAA
ASV_3885,CACCGCGGCTATACGAGAGACCCAAGTTGATACCATTCGGCGTAAAGAGTGGTTATGGAAGATAAAGACTAAAGCCGCACACCTTCAAAGCTGTTATACGCATCCGAAGGCTAGAAGATCAACCACGAAAGTAGCTTTACAGCCCCTGACCCCACGAAAGCTCTGGCA
ASV_3940,CACCGCGGTTATACGAGAGGCCCAAGTTGACAACCACCGGCGTAAAGAGTGGTTATGGAAACACTATACTAAAGCCCAACACCCTCTAGGCTGTCATACGCACCTGAGGCTACGAAGCTCCCCCACGAAAGTAGCTTTATTCCTCCCTGAACCCACGACAGCTATGATA
ASV_3993,CACCGCGGTTATACGAGAGGCCTAAGTTGACAGACAGCGGCGTAAAGAGTGGTTAAGGAAAACACAAAACTAAAGCCGAACGCCTTCAGAACTGTCATACGTCTTCGAAGGTATGAAGCCCAACCACGAAAGTGGCTTTATCCCTCCTGAACCCACGAAAGCTAAGAAA
ASV_4006,CACCGCGGTTATACGAGAGGCCCAAGTTGATAAACCCCGGCGTAAAGAGTGGTTAAGATAAATTAAACACTAAGGCCGAACGCCCCCTAGGCTGTTATACGCATCCGGGGGTAAGAAGTTCAACCACGAAAGTGGCCTTACATTTCCTGAACCCACGAAAGCTAGGATA
ASV_4059,CACCGCGGCTATACGAGAGACCCAAGTTGATACCATTCGGCGTAAAGAGTGGTTATGGAAAATAAAGACTAAAGCCGCACACCTTCAAAGCTGTTATACGCATCCGAAGGTTAGAAGATCAACCACGGAGGTAGCTTTACAACCCCTGACCCCACGAAAGCTCTGGCA
ASV_4102,CACCGCGGTTATACGAGAGGCCCAAGTTGTTAGTCCTCGGCGTAAAGAGTGGTTAGGAACAGCCCAAATACTAAAGCCAAACACCTTCAAAGCTGTTATACGCTCTCGAAGACAAGAAGTTCAACAACGAAAGTGGCTTTAAATTTTCCGAACCCACGAAAGCTAGGGTAG
ASV_4151,CACCGCGGTTATACGAGAGACCCTAGTTGATTGAAGCGGCGTAAAGAGTGGTTATGGAGTTTTCCCCTTTAAAGCAGAAAACCTCTCAAACTGTTATACGCACCCAGAGGTTGAAATCCCTCACACGAAAGTCACTTTATATTCGCCTACCAGAACCCACGAAAGCTGGGACA
ASV_4198,CACCGCGGTTATACGAGAGACCCTAGTTGATTGAAGCGGCGTAAAGAGTGGTTATGGAGTTTTTCCCTTTAAAGCAGAAAACCTCTCAAACTGTTATACGCACCCAGAGGTTGAAATCCCTCACACGGAAGTGACTTTATATTCGCCTACCAGAACCCACGAAAGCTGGGACA
ASV_4312,CACCGCGGTCATACGATTGACCCAAATTAATAGACACCCGGCGTAAAGAGTGTCGAGGAACAATATAAAAATAAAGTCAAGCCTTAATTAAGCTGTAAAAAGCCATAATTAAAATTAAGTTAAACTACGAAAGTAACTTTACCATAAACCGAGTACACGACAACTAAGACC
ASV_4342,CACCGCGGTTATACGAGAGACCCTAGTTGATTGAAGCGGCGTAAAGAGTGGTTATGGAGTTTTCCCCTTTAAAGCAGAAGACCTCTCAAACTGTTATACGCACCCAGAGGTTGAAACCCCTCACACGAAAGTGACTTTATATTCGCCTACCAGAACCCACGAAAGCTGGGACA
ASV_4396,CACCGCGGTTATACGAGAGGCCCAAGTTGATAGTCAACGGCGTAAAGAGTGGTTAGAAAGAACCTATTACTAAAGCCGAACACCTTCAGAGCTGTTATACGCATCCGAAGGTGAGAAGCCCATCCACGAAAGTGGCTTTACAACTTTGAACCCACGAAAGCTACGGAA
ASV_4422,CACCGCGGCTATACGAGAGACCCAAGTTGATACCATTCGGCGTAAGGAGTGGTTATGGAAGATAAAGACTAAAGCCGCACACCTTCAAAGCTGTTATACGCATCCGAAGGCTAGAAGATCAACCACGAAAGTAGCTTTACAACCCCTGACCCCACGAAAGCTCTGGCA
ASV_4434,CACCGCGGCTATACGAGAGACCCAAGTTGATACCATTCGGCGTAAAGAGTGGTTATGGAGAACAAAGACTAAAGCCGCACACCTTCAAAGCTGTTATGCGCACCCGAAGGCTAGAAGATCAACCACGAAGGTAGCTTTACAACCCCTGACCCCACGAAAGCTCTGGCA
ASV_4494,CACCAGGGTCATACGATCAACCCAAGTTAATAGAAATATGGCGTAAAGCGTGTTAAAGAGTAATGCAAAATAAAGTTAAATTTTAAGCTGTAAAAAGCCATAATTAAAGTAAAAATAGACTACGAAAGTGACTTTAGCACATCCTGATTACACGACAGCTAAGACC
ASV_4519,CACCGCGGTTATACGAGAGGCCCTAGTTGATTTAATCGGCGTAAAGAGTGGTTATGGAGTTTTCCCCTTTAAAGCAGAAAACCTCTCAAACTGTTATACGCACCCAGAGGTTGAAATCCCTCACACGAAAGTGACTTTATATTCGCCTACCAGAACCCACGAAAGCTGGGACA
ASV_4667,CACCGCGGTTATACGAGAGACCCTAGTTGATATACTCGGCGTAAAGAGTGGTTATGGAAAACAAGCACTAAAGCCAAAGAGCCCTCAGGCCGTTATACGCACCCGGGGCCTCGAACCACTATCACGAAAGTAGCTTTGCCCTCGCCCACCAGAACCCACGAGAGCTGGGACA
ASV_4680,CACCGCGGTTATACGAGAGGCCCAAGTTGATAGCCAGCGGCGTAAAGAGTGGTTAAGGGACATCCCCACTAAAGTCGAACGCATTCAGAGCTGTTATACGTTCCCGAAAGCAAGAAGCCCCACTACGAAAGTGGCTTTATATTACCTGACTCCACGAAAGCTGTGAAA
ASV_4714,CACCGCGGTTATACGAGAGGCCCAAGTAGATAGACACCGGCGTAAAGAGTGGTTAAGTTAAAACTCACACTAAAGCCAAACATCTTCAAGACTGTTATACGTAACCGAAGACCGGAAGTTCAACCACGAAAGTGGCTTTATTTGATCTGTACCCACGAAAGCTACGGCA
ASV_4735,CACCGCGGTTATACGAGAGACCCTAGTTGATTGAAGCGGCGTAAAGAGTGGTTATGGAGTTTTCCCCTTTAAAGCAGAAAACCTCTCAAACTGTTATACGCACCCAGAGGTTGAAATCCCTCACACGAAAGTGACTTTAACCCAACCCGAACCCACGACAGCTAGGACA
ASV_4736,CACCGCGGTTATACGAGAGGCCCAAGTTGACAACCACCGGCGTAAAGAGTGGTTATGGAAACACCATACTAAAGCCGAACACCCTCTAGGCTGTCATACGCACCTGAGGCTACGAAGCTCCCCCACGAAAGTGGCTTTATCCCTCCCTGAACCCACGACAGCTATGATA
ASV_4761,CACCGCGGCTATACGAGAGACCCAAGTTGATACCATTCGGCGTAAAGAGTGGTTATGGAAAATAAAGACTAAAGCCGCGCACCTTCAAAGCTGTTATACGCATCCGAAGGTTAGAAGATCAACCACGAAGGTAGCTTTACAACCCCTGACCCCACGAAAGCTCTGGCA
ASV_4846,CACCGCGGTTATACGAGAGGCCTAAGTTGACGGACAGCGGCGTAAAGAGTGGTTAAGGAAAACGCAAAACTAAAGCCGAACGCCTTCAGAACTGTCATACGTCTTCGAAGGTATGAAGCCCAACCACGAAAGTGGCTTTATCCCTCCTGAACCCACGAAAGCTAAGAAA
ASV_4847,CACCGCGGTCACACAAGAAACCCAAATTAACTGTAACCCGGCGTAAAGAGTGGAACCATACTATCATCCCAACTAAGATCAAAATGCAACTAAGCTGTCATAAGCTCAAGGTGCACCTAAACTCACCTTCAAGATGATCTTAGCATCTACGATCGATTACCTCCACGAAAGCTAAGGCA
ASV_4873,CACCGCGGTTATACGAGAGGCCCAAGTTGACAGACACCGGCGTAAAGCGTGGTTAAGGTAAATTAAAACTAAAGCCGAACACCTTCAGGGCAGTTATACGCATCCGAGGGCACGAAGCCCCACCACGAAAGTGGCTTTATGATCCCTGACCCCACGAAAGCTATGACA
ASV_4915,CACCGCGGTTATACGAGAGGCTCAAGTTGACAGACAACGGCGTAAAGAGTGGTTAAGGAGAACATTTAACTAAAGCGGAACCCCCTCATTGCTGTTATACGCTTCCGAGGGAATGAACCCCAACTACGAAGGTGGCTTTATATTAACCTGAACCCACGAAAGCTAAGGAA
ASV_4957,CACCGCGGCTATACGAGAGGCCCTAGTTGATTTAATCGGCGTAAAGAGTGGTTATGGAGAATAAGAAACTAAAGCCGAAGACCTCTTAGGCCGTCATACGTACCTAGAGGCTCGAATAACAAACACGAAAGTAGCTTTACCCCTTCCTGCCAGAACCCACGAGAGCTGGGATA
ASV_5059,CACCGCGGTTATACGAGAGACCCTAGTTGATTGAAGCGGCGTAAAGAGTGGTTATGGAGTTTTCCCCTTTAAAGCAGAAAACCTCTCAAACTGTTACACGTACCCAGAGGTTGAAATCCCTCACACGAAAGTGACTTTATATTCGCCTACCAGAACCCACGAAAGCTGGGACA
ASV_5105,CACCGCGGTTATACGAGAGGCCCAAGTTGATAGTCAACGGCGTAAAGAGTGGTTAGAAGGAACCTGTTACTAAAGCCGAACGCCCTCAAAGCTGTTATACGCATCCGAAGGTGAGAAGCCCATTCACGAAAGTGGCTTTATATCCTTGAATCTACGAAAGCTACGAAA
ASV_5274,CACCGCGGTTATACGAGAGGCCCAAGTTGATAGCCAGCGGCGTAAAGAGTGGTTAAGGGACATCCCCACTAAAGTCGAACGCATTCAGAGCTGTTATACGTTCCCGAAAGCAAGAAGCCCCACTACGAAAGTGACTTTATAATACCTGACTCCACGAAAGCTGTGAAA
ASV_5313,CACCGCGGTCATACGAGTGTTAGCCCAAGCAGATGGTCAACGGCGTAAAGAGTGGTTAGGGAACCCTGAAACTAAAGCTGAACGCACGCAGGGCCGTTATACGCATCCGACAGCATGAAACCCCACCACGAAAGTGGCTTTAACCTGACCCGAACCCACGACAGCTAAGACA
ASV_5352,CACCGCGGTTATACGAGAGGCCCAAGTTGATGACCACCGGCGTAAAGAGTGGTTACGGAAGCACTTCACTAAAGCCGAACAACCTCTTGGCTGTCATACGCACCTGAGGCTACGAAGATCCCCCACGAAAGTGGCTTTACCCCTCCCTGAACCCACGACAGCTGTGATA
ASV_5391,CACCGCGGTCATACGAGTGTGCCCGAGTAGACAGCCGGCGGCGTAAAGCGTGGTTAAGGATGAACCCAACTAAAGATGAACCGCCCCCTGGCTGTTATACGCACCCGAGACTGTGAAACCCCACTACGAAAGTGACTTTAATCTGACCCGAACCCACGAAAGCTAAGGAA
ASV_5511,CACCGCGGTTATACGAGAGGCCCAAGTTGACAACCACCGGCGTAAAGAGTGGTTATGGAAACACTATACTAAAGCCGTACACCCTCTAGGCTGTCATACGCACCTGAGGCTAGGAAGCTCCCCCACGAAAGTGGCTTTATTCCTCCCTGAACCCACGACAGCTATGATA
ASV_5595,CACCGCGGTTATACGAGGGACCCTAGTTGATTTAATCGGCGTAAAGAGTGGTTATGGAGAATAAGAAACTAAAGCCGAAGACCTCTTAGGCCGTCATACGTACCTAGAGGCTCGAATAACAAACACGAAAGTAGCTTTACCACTTCCTGCCAGAACCCACGAGAGCTGGGATA
ASV_5735,CACCGCGGTTATACGAGAGACCCTAGTTGATTGAAGCGGCGTAAAGAGTGGTTATGGAGTTTTCCCCTTTAAAGCAGAAAACCTCTTAAACTGTTATACGCACCCAGAGGTTGAAATCCCTCACACGAAAGTGACTTTATATTTGCCTACCAGAACCCACGAAAGCTGGGACA
ASV_5795,CACCGCGGTTATACGAGTAACTCACATTAATATTTTCCCGGCGTAAAGAGTGATTTAAGGAATATCTATCATAACTAAAGTTAAGACCTCGTCAAGCTGTTACACGCACCCACGAATGGAATTGTCAATAACGAAAGTGACTTTATCCCACTAGAAATCTTGACGTCACGACAGTTAGACCC
ASV_5808,CACCGCGGTTATACGTGAGACCCTAGTTGATTGAAGCGACGTAAAGAGTGGTTATGGAGTTTTCCCCTTTAAAGCAGAAAACCTCTCAAACTGTTATACGCACCCAGAGGTTGAAATCCCTCACACGAAAGTGACTTTATATTCGCCTACCAGAACCCACGAAAGCTGGGACA
ASV_5810,CACCGCGGTTATACGAGAGGCCCAAGTTGACAAACAACGGCGTAAAGAGTGGTTAGGGGATTTACTAAACTAGAGCCGAACGCTTTCAAAGCTGTTATACGTACCCGAAAGTATGAAACCCAATTACGAAAGTAGCTCTACTCATCCTGAACCCACGAAAGCTAAGAAA
ASV_5840,CACCGCGGTTATACGAGAGACCCTAGTTGATTGAAGCGGCGTAAAAAGTGGTTATGGAGTTTTCCCCTTTAAAGCGGAAAACCTCTCAAACTGTTATACGCACCCAGAGGTTGAAATCCCTCACACGAAAGTGACTTTATATTCGCCTACCAGAACCCACGAAAGCTGGGACA
ASV_5867,CACCGCGGTTATACGAGAGGCCCAAGTTGATAGTCAACGGCGTAAAGAGTGGTTAGAAAGAACCTATTACTAAAGCCGAACACCTTCAGAGCTGTTATACGCATCCGAAGGTGAGAAGCCCATCCACGAAAGTGGCTTTACAGCTTTGAACCCACGAAAGCTACGGAA
ASV_5868,CACCGCGGTTATACGAGAGACCCTAGTTGATTGAAGCGGCGTAAAGAGTGGTTATGGAGTTTTCCCCTCTAAAGCAGAAAACCTCTCAAACTGTTATACACACCCAGAGGTTGAAATCCCTCACACGAAAGTGACTTTATATTCGCCTACCAGAACCCACGAAAGCTGGGACA
ASV_5869,CACCGCGGTCAAACGAGCTAGTGCCCGAGCAGATAACTAACGGCGTAAAGAGTGGTTAGGGAAACCCAAAACTAAAGCTGAACGCCCGCAGGGCTGTGATACGCATCCGACGGTACGAAACCCCACCACGAAAGTGACTTCAACCAACCCGAACCCACGATAGCCAGGATA
ASV_5933,CACCGCGGTCATACGAGTGTTAGCCCAAGCAGATGGTCAACGGCGTAAAGAGTGGTTAGGGAACCCTGGAACTAAAGCTGAACGCCCGCAGGGCCGTTATACGCATCCGACAGCATGAGACCCCACCACGAAAGTGGCTTTAACCTGACCCGAACCCACGACAGCTAAGACA
ASV_5964,CACCGCGGTTATACGAGAGGCTCAAGTTGATAGACAGCGGCGTAAGGAGTGGTTAGGAAAAACACAAACTAAAGTCGAACGCTTCCATAGCTGTTATACGCACCCGGAAATATGAAGCCCAACTACGAAAGTAACTTTAAAATACCTGAATCCACGAAAGCTAGGGAA
ASV_6137,CACCGCGGTTATACGAGAGACCCTAGTTGATAACTACCGGCGTAAAGAGTGGTTATGGAAAAATGTTTAATAAAGCCGAACACCCCCTCAGCCGTCATACGCACCTGGGGGCACGAAGACCTACTGCGAAAGCAGCTTTAATTACACCTGACCCCACGACAGCTAAGAAA
ASV_6182,CACCGCGGCTATACGAGAGACCCAAGTTGATACCATTCGGCGTAAAGAGTGGTTATAGAAAATAAGTACTAAAGCCGCACACCTTCAAAGCTGTTATACGCATCCGAAGGTTAGAAGACCAACCACGAAGGTAGCTTTACAACCCCTGACCCCACGAAAGCTCTGGCA
ASV_6236,CACCGCGGTTATACGAGAGACCCTAGTTGATTGAAGCGGCGTAAAGAGTGGTTATGGAGTTTTCCCCTTTAAAGCAGAAAACCTCTCAAACTGTTATACGCACCCAGAGGTCGAAATCCCCCACACGAAAGTGACTTTATATTCGCCTACCAGAACCCACGAAAGCTGGGACA
ASV_6288,CACCGCGGTCATACGAGTGTGCCCGAGTAGACAGCCGGCGGCGTAAAGCGTGGTTAAGGAGGAACCAAACTAAAGATGAACCGCCCCCTGGCTGTTATACGCACCCGAGACTGTGAAACCCCACTACGAAAGTGACTTTAATCTGACCCGAACCCACGAAAGCTAAGGAA
ASV_6471,CACCGCGGTTATACGAGAGACCCTAGTTGATTGAAGCGGCGTAAAGAGTGGTTATGGAGTTTTCCCCTTTAAAGCAGAAAACCTCTCAAACTGTTATACGCACCCAGAGGTTGAAATCCCTCACACGAAAGTGGCTTTATATTCGCCTACCAGTACCCACGAAAGCTGGGACA
ASV_6516,CACCGCGGTTATACGAGAGACCCTAGTTGATTGAAGCGGCGTAAAAAGTGGTTATGGAGTTTTCCCCTTTAAAGCAGAAAACCTCTCAAACTGTTATACGCACCCAGAGGTTGAAATCCATCACACGAAAGTGACTTTATATTCGCCTACCAGAACCCACGAAAGCTGGGACA
ASV_6525,CACCGCGGTTATACGAGCGACCCAAGTTGAGAGACAACGGCGTAAAGAGTGGTTAAGATACTAATAAACTAAAGCCGAACGCCCTCAAGACTGTTATACGTTTTCGAAGGTAAGAAGTTCTACCACGAAAGTGGCTTTACTAACCCTGACCCCACGAAAGCTGAGAAA
ASV_6550,AGACGCGGTTATACAATTACTTTAGTCTAATATAAAACGGCGTAAAGAGTAAATTTTTCTTTCTTTAATCTCTAAAACTAAACCAATTTACTATAGTTAAATATGTAAATTTTTCAAACACCAACTAAAGCAGTTTTAAGAAAAAGCCTATAACTTTACGAAAGTTAGGACT
ASV_6551,CACCGCGGCTATACGAGAGGCCCAAGTTGACAGACACCGGCGTAAAGCGTGGTTAAGTTAAAACTCACACTAAAGCCAAACACCTTCAAAGCTGTTATACGCAACCGAAGGCAGGAAGCCCAACCACGAAGGTGGCTTTATTTGGTCTGAACCCACGAAAGCTAGGGAA
ASV_6940,CACCGCGGTCATACGAGTGTGCCCGAGTAGACAGCCGGCGGCGTAAAGCGTGGTTAAGGAGAAACCCAACTAAAGATGAACCGCCCCCTGGCTGTTATACGCACCCGGGACTGTGAAACCCCACTACGAAAGTGACTTTAATCTGACCCGAACCCACGAAAGCTAAGGAA
ASV_7044,CACCGCGGCCATACGATTGACCCGAATTAATAGAATTATGGCGTAAAGCATGTTAAAGAATTATACAAGATAAAGTTAGAGCTTAATTAAGCTGTAAAAAGCCATAATTAAAGTAAAAATAAACTATGAAAGTGACTTTAACATATCCTGATCACACGATAGCTAAGACC
ASV_7075,CACCGCGGTTATACGAGAGGCTCAAGTTGATAGACAGCGGCGTAAAGAGTGGTTAGGAAAAACACAAACTAAAGTCGAACGCTTCCATAGCTGTTATACGCACCCGAAAATATGAAGCCCAACTGCGAAAGTAACTTTAAAGTACCTGAATCCACGAAAGCTAGGGAA
ASV_7076,CACCGCGGTTATACGAGCGGCCCAAGTTGATAAAAATCGGCGTAAAGCGTGGTTAAAAAATGTTTAAACTAGAGTCGAATAGCCTCAAAGCAGTTATACGCACTCGAGGCCACGAAGTACAATTACGAAGGTAGCTCTACCCCACTTTGACTCCACGAAAACCATAAAA
ASV_7115,CACCGCGGTTATACGAGCGGCCCAAGTTGATAAAAATCGGCGTAATGCGTGGTTAAAAAAATGTTTAAACCAGAGCCGAATAGCCTCAAAGCAGTTATACGCACTCGAGGCCACGAAGTACAATTACAAAAGTAGCTCTACCCCACTTTGACTCCACGAAAACCATAAAA
ASV_7197,CACCGCGGTTATACGAGAGGCCCTAGTTGATTGAAGCGGCGTAAAGGGTGGTTATGGAGTTTTCCCCCTTTAAAGCAGAAAACCTTTCAAACTGTTATACGCACCCAGAGGTTGAAATCCCTCACACGAAAGTGACTTTATGTTCGCCTACCAGAACCCACGAAAGCTGGGACA
ASV_7324,CACCGCGGTCATACGAGTGTGCCCGAGTAGACAGCCGGCGGCGTAAAGCGTGGTTAAGGAGGAACCCAACTAAAGATGAACCGCCCCCTGGCTGTTATACGCACCCGAGACTGTAAAACCCCACTACTAAAGTGACTTTAATCTGACCCGAACCCACGAAAGCTAAGGAA
ASV_7593,CACCGCGGTTACACGAGAGACCCTAGTTGATTGAAGCGGCGTAAAGAGTGGTTATGGAGTTTTCCCTTTTAAAGCAGAAAACCTCTCAAACTGTTATACGCACCCAGAGGTTGAAATCCCTCACACGAAAGTGACTTTATATTCGCCTACCAGAACCCACGAAAGCTGGGACA
ASV_7595,CACCGCGGTTATACGAGAGGCCCAAGTTGACAGACACCGGCGTAAAGCGTGGTTAAGGTAAATTAAAACTAGAGCCGAACACCTTCAGGGCAGTTATACGCATCCGAAGGCACGAAGCCCCACCTCGAAAGTGGCTTTATGATCCCTGACCCCACGAAAGCTATGACA
ASV_7599,CACCTCGGTCATATGATTAACCCAAGTTAATAGAAATACGTCTTAAAGCGTGTTAAAGAGTAATACAAAATAAAGTTAAATTTTAATTAAGCTGTAAAAAGCCGTAATTAAAGTAAAGATAGACTACGAAAGTGACTTTAGCACGTCCTGATTACATGACAGCTACGACC
ASV_7611,CGCGGTAAGACGGAGGATGCAAGTGTTATCCGGAATCACTGGGCGTAAAGCGTGGTTAAAAAAATGTTTAAACTAGAGCCGAATAGCCTCAAAGCAGTTATACGCACTCGAGGCCACGAAGTACAATTACAAAAGTAGCTCTACCCCACTTTGACTCCACGAAAACCATAAAA
ASV_7650,CACCGCGGTCATACGATTGACCCAAATTAATAGACACCCGGCGTAAAGAGTGTCAAGGAAAAATATAAAGATAAAGTCAAACCTTAATTAAGCTGTAAAAAGCCATAATTAAAATTAAGTTAAACTACGAAAGTAACTTTACCATAAACTGAGTACACGACAACTAAGACC
ASV_7773,CACCGCGGTTATACGAGTAACTCACATTAATACTCCTCGGCGTAAAGGGTGATTAAAAGTTTCTAAAACTACTAAAGTTATAACCTTATAAAGCTGTCATACGCACCTATAAAAGGAACAATACACTGACGAAAGTAACTTTAACAATTCAGAGCTTTTGACCTCACGACAGTTAAGACA
ASV_7909,CACCGCGGTTATACGAGAGGCCCTAGTTGATAACTACCGGCGTAAAGAGTGGTTATGGAGTTTTCCCCTTTAAAGCAGAAAACCTCTCAAACTGTTATACGCACCCAGAGGTTGAAATCCCTCACACGAAAGTGACTTTATATTCGCCTACCAGAACCCACGAAAGCTGGGACA
ASV_8307,CACCGCGGTTATACGAGAGACCCTAGTTGATTGAAGCGGCGTAAAGAGTGGTTATGGAGTTTTCCCCTTTAAAGCAGAAAACCTCTCAAACTGTTATACGCACCCAGAGGTTGAAATCCCTCACACGAAAGTAGCTTTACCCCTTCCTGCCAGAACCCACGAGAGCTGGGATA
ASV_8892,CACCGCGGTTATACGAGAGGCCCAAGTTGATAGTCAACGGCGTAAAGAGTGGTTATGGAGTTTTCCCCTTTAAAGCAGAAAACCTCTCAAACTGTTATACGCACCCAGAGGTTGAAATCCCTCACACGAAAGTGACTTTATATTCGCCTACCAGAACCCACGAAAGCTGGGACA
ASV_8963,CACCGCGGTTATACGAGAGGCCCAAGTTGACAGAAGCCGGCGTAAAGAGTGGTTAAGGAAAATACAAACTAAAGCCGAACGCCTTCAGAGCAGTTATACGCACCCGAAGGTATGAAGCCCCGCTACGAAAGTGGCTTTACACCCCCTGACCCCACGAAAGCTATGGCA
ASV_8976,CACCGCGGTCATACGATTGACCCAAATTAATAGGAACACGGCGTAAAGAGTGTTAAGGAGTCACATAAAATAAAGTCAAACCTTAATTAAGCTGTAAAAAGCCCTAATTAAAATTAAGCCAAACTATGAAAGTGACTTTAACATAACCTGATCACACGACAGCTAAGACC
ASV_9036,CACCGCGGTTATACGAGCGGCCCAAGTTGATAAAAGTCGGCGTAAAGCGTGGTTAAAAAATGTTTAAACTAGAGTCGAATAGCCTCAAAGCAGTTATACGCACTCGAGGCCACGAAGTACAATTACGAAAGTAGCTCTACCCCACTTTGACTCCACGAAAACCATAAAA
ASV_9485,CACCAGCAGCCATAGATTGACCCGAATTAATAGAATTATGGCGTCAAGCGTGTTAAAGAATTATCCAAGATAAAGTTAAACCTTAATTAAGCTGTAAAAAGCCATAATTACAGTAAAAATAAACTGTGAAAGTGACTTTAACATATCCTGATCACACAACAGCTAAGACC
ASV_9667,CACCGCGGTTATACGAGAGGCCCGAGTTGATAGACATTCGGTGTAAAGAGTGGTTAAGGAAAACTGAAACTAAAGCCGAACACCTTAATAGCAGTTATACGCCTATTAAAGCACGAAGCCCCACCACGAAAGTGGCTTTACAACCCTGACCCCACGAAAGCTATGTTA
ASV_9676,CACCGCGGCTATACGAGAGGCCCAAGTTGATACCATTCGGCGTAAAGAGTGGTTATGGAAAATAAAGACTAAAGCCGCACACCTTCAAAGCTGTTATACGCATCCGAAGGCTAGAAGACCAACCACGAAGGTAGCTTTACAACCCCTGACCCCACGAAAGCTCTGGCA
ASV_9988,CACCGCGGCCATACGAGTGTTAGCCCAAGTGGACGGTCAACGGCGTAAAGGGTGGTTAGGGAACCCTAAAACTAAAGCTGAACACCCACAGAGCTGTTATACGCACCCAGAGGTTGAAATCCCTCACACGAAAGTGACTTTATATTCGCCTACCAGAACCCACGAAAGCTGGGACA
ASV_10658,CACCGCGGCCATACGAGTGTTAGCCCAAGTGGACGGTCAACGGCGTAAAGAGTGGTTATGGAAACACTATACTAAAGCCGAACACCCTCTAGGCTGTCATACGCACCTGAGGCTACGAAGCTCCCCCACGAAAGTGGCTTTATTCCTCCCTGAACCCACGACAGCTATGATA
ASV_10676,CACCGCGATCATACGATTGACCCAAATGAATAGCAATACGGCATAAAGCGTGATAAAGAGTAATACAAAATAAAGTTAAACCTTGATTAAGCTGTAATGAGCCCTAACTAAAGTAAAAATAGACTACGAAAGTGACTTTAACATACCCTGATTACATGATAGCTAAGACC
ASV_10838,CACCGCGGTCAAACGAGTGTGCCCAAGTGGACAATCTACGGCGTAAGCGTGGTTAGGAAAACCCTACAACTAAAGTAGAACTAGCTCCGGGCTGTGATACGCACCCGACACTGTGAAACCTCACCACGAAAGTGACTTTAACAACACCTGAACCCACGAAAGCTGGGGAA
ASV_11533,CACCGCGGTTATACGAGAGGCCCAAGTTGACAACCACCGGCGTAAAGAGTGGTTATGGAAACACTATACTAAAGCCGAACACCCTCTAGGCTGTCATACGCACCTGAGGCTACGAAGCTCCCCCACGAAAGTGACTTTAACCCAACCCGAACCCACGACAGCTAGGACA
ASV_12188,CACCGCGGTTATATGAGTAACTCACATTAATACTTCACGGCGTAAAGGGTGATTAAAAGTTTCTAAAAAGTACTAGAGTTATAACCTTATAAAGCTGTCATACGCACCTATAAAAGGAACAATACACTGACGAAAGTAACTTTAACAATTTAGAGCTTTTGACCTCACGACAGTTAAGACA
ASV_12665,CACCGCGGTTATACGAGAGGCCCAAGTTGACAACCGCCGGCGTAAAGAGTGGTTATGGAAACACTATACTAAAGCCGAACACCCTCTAGGCTGTCATACGCACCTGAGGCTACGAAGCTCCCCCACGAAAGTGGCTTTATTCCTCCCTGAACCCACAACAGCTATGATA
ASV_15661,CACCGCGGTCATACGATTGACCCGAATTCATAGAACTACGGCGTAAAGCGTGTTAAAGAACCATATAAGATAAAGTTAAACCTTAATTAAGCTGTAAAAAGCCATAATTAAAACAAAAATAAATTACGAAAGTGACTTTAATAATCTGATCACACGATAGCTAAGACC
ASV_16135,TACCGCGGTTAGACAGGGGGTCCAAGTCGATAAGCATCGGTGTAGAGTGTGGTTAGGGGTTGTGATAACTAAAGTTGAACATCTCTTTGGCTGTTATACGCACTTGGAAGATGGAAACACAATTACGAAAGTGGCTTTACTTAAACCTGAGTCCACGACAGTCAAGGAA
ASV_16287,CACCACGGTCATACGATTATTGACCCAAGCTAGTAGAACTACGGCATAAAGCATGTTAAAGAGCCACACAAGATAAAGTTAAACCTTAATTAAGCTGTAGAAAGCCATACTTGAAACTAAAATAAACTACGAAAGTGACTTCAATATAATCTGATCACACAATAGCTAAGACC
ASV_18027,CACCGCGGTTATACGAGAGACCCTAGTTGATTAAAGCGGCGTAAAGAGTGGTTATGGAGTTTTCCCCTTTAAAGCAGAAAACCTCTCAAACTGTTATACGCACCCAGAGGTTGAAATCCCTCACACGAAAGTGACTTTATATTCACCTACCAGAACCCACGAAAGCTGGGACA
ASV_19182,CACCTCAGTCATACGATTAACCCAAATTAATAGAAATATGGTGTAAAGCGTGTTAAAGAGTTACATAAAATAAAGTTTTAATTAAGTCATAAAAAGCCGTAACTAAAATAAAAGTAGACTACGAAAGTGACTTTAGTATTTCCTGACC
ASV_20633,CACCGCGGTTATACGAGAGGCCCAAGTTGACAACCGCCGGCGTAAAGAGTGGTTATGGAAACACTATACTAAAGCCGAACACCCTCTAGGCTGTCATACGCACCTGAGGCTACGAAGCTCCCCCACGAAAGTGGCTTTATTCCTCCCTGAGTCCACGACAGCTATGATA
ASV_20636,CACCGCGGTTATACCAGAGACCCTAGTTGATTGAAGCGGCGTAAAGAGTGGTTATGGAGTTTTCCCCTTTAAAGCAGAAAACCTCTCAAACTGTTATACGCACCCAGAGGTTGAAATCCCTCACACGAAAGTGACTTTATATTCACCTACCAGAACCCACGAAAGCTGGGACA
ASV_23335,CACCACGGTCATACGATTGACCCAAATTAATAACAATACAGCATAAAGCGTGTTAAAGAATAATACAAAATAAAGTTAAATCTTGATTAAGCTGTAAAAAGCCCTAACTAAAGTAAAAATAGACTACGAAAGTGACTTTAACATACCCTGATTACATGATAGCTAAGATC
ASV_23395,CACCGCGGCTATACGAGAGACCCAAGTTGATACCATTCGGCGTAAAGAGTGGTTATGGAGAATAAGAAACTAAAGCCGAAGACCTCTTAGGCCGTCATACGTACCTAGAGGCTCGAATAACAAACACGAAAGTAGCTTTACCCCTTCCTGCCAGAACCCACGAAAGCTGGGATA
ASV_23402,CACCGCGGTTATACCAGAGACCCTAGTTGATTGAAGCGGCGTAAAGAGTGGTTATGGAGTTTTCCCCTTTAAAGCAGAAAACCTCTCAAACTGTTATACGCACCCAGAGGTTGAAATCCCTCACACGAAAGTGGCTTTATATTCGCCTACCAGAACCCACGAAAGCTGGGACA
ASV_23410,CACCGCGGTTATACGAGAGACCCTAGTTGATTGAGGCGGCGTAAAGAGTGGTTATGGAGTTTTCCCCTTTAAAGCAGAAAACCTCTCAAACTGTTATACGCACCCAGAGGTTGAAATCCCTCACACGAAAGTGACTTTATATTCGCCTACAAGAACCCACGAAAGCTGGGACA
ASV_34301,CACCGCGGTTATACGAGAGGCCCTAGTTGATTTAATCGGCGTAAAGAGTGGTTATGGAGTTTTCCCCTTTAAAGCAGAAAACCTCTCAAACTGTTATACGCACCCAGAGGTTGAAATCCCTCACACGAAAGTAGCTTTACCCCTTCCTGCCAGAACCCACGAGAGCTGGGATA
